word,frequency,length,rank,frequency_group
និង,223,3,1,51+
ប្រាសាទ,199,7,2,51+
ដែល,198,3,3,51+
មាន,169,3,4,51+
នៅ,157,2,5,51+
បាន,157,3,6,51+
នៃ,153,2,7,51+
នេះ,134,3,8,51+
ជា,122,2,9,51+
ថា,92,2,10,51+
ត្រូវបាន,92,8,11,51+
ដោយ,79,3,12,51+
របស់,76,4,13,51+
មួយ,69,3,14,51+
អង្គរវត្ត,66,9,15,51+
ទៅ,66,2,16,51+
ក្នុង,65,5,17,51+
គេ,61,2,18,51+
ថ្ម,58,3,19,51+
អង្គរ,58,5,20,51+
ពី,52,2,21,51+
លើ,51,2,22,51+
គឺ,48,2,23,21-50
ទី,47,2,24,21-50
ខេត្ត,46,5,25,21-50
តាម,45,3,26,21-50
សៀមរាប,41,6,27,21-50
នោះ,40,3,28,21-50
ទៀត,40,3,29,21-50
ច្រើន,39,5,30,21-50
ឆ្នាំ,39,5,31,21-50
នូវ,37,3,32,21-50
ឈ្មោះ,37,5,33,21-50
ពួក,35,3,34,21-50
ថែវ,35,3,35,21-50
ហើយ,34,3,36,21-50
ធំ,33,2,37,21-50
ដើម្បី,33,6,38,21-50
តំបន់,33,5,39,21-50
ជាច្រើន,31,7,40,21-50
លោក,31,3,41,21-50
នឹង,30,3,42,21-50
ប្រាង្គ,30,7,43,21-50
បន្ទាយស្រី,30,10,44,21-50
ខ្មែរ,30,5,45,21-50
មិន,29,3,46,21-50
នៅក្នុង,29,7,47,21-50
ទាំង,29,4,48,21-50
ខាងលិច,28,6,49,21-50
ដ៏,27,2,50,21-50
សម័យ,24,4,51,21-50
សំណង់,24,5,52,21-50
ជាង,24,3,53,21-50
ស្ថិត,24,5,54,21-50
ក៏,23,2,55,21-50
ទឹក,23,3,56,21-50
ភាគ,23,3,57,21-50
កម្ពុជា,23,7,58,21-50
វា,22,2,59,21-50
មក,22,2,60,21-50
គឺជា,22,4,61,21-50
ចម្លាក់,22,7,62,21-50
ខាង,21,3,63,21-50
គ្នា,21,4,64,21-50
ដូចជា,21,5,65,21-50
ពីរ,21,3,66,21-50
ខ្លះ,21,4,67,21-50
តែ,20,2,68,11-20
ភ្នំ,20,4,69,11-20
ដើម,20,3,70,11-20
ផ្សេង,20,5,71,11-20
រួម,19,3,72,11-20
សម្រាប់,19,7,73,11-20
យ៉ាង,19,4,74,11-20
វរ្ម័ន,19,6,75,11-20
ទេសចរណ៍,19,7,76,11-20
ឈើ,18,2,77,11-20
បំផុត,18,5,78,11-20
ផ្នែក,18,5,79,11-20
ប៉ម,18,3,80,11-20
ជាមួយ,18,5,81,11-20
ទីក្រុង,18,7,82,11-20
ព្រះបាទ,17,7,83,11-20
ប្រទេស,17,6,84,11-20
ខាងជើង,17,6,85,11-20
ធ្វើ,17,4,86,11-20
ប្រើ,17,4,87,11-20
សតវត្ស,17,6,88,11-20
រាជធានី,17,7,89,11-20
ឡើង,16,3,90,11-20
ពេល,16,3,91,11-20
បុរៈ,16,4,92,11-20
ដល់,16,3,93,11-20
ខាងកើត,16,6,94,11-20
ឬ,16,1,95,11-20
បី,16,2,96,11-20
ផ្លូវ,16,5,97,11-20
កណ្តាល,16,6,98,11-20
នៅលើ,15,4,99,11-20
បុរាណ,15,5,100,11-20
កណ្ដាល,15,6,101,11-20
ទិស,15,3,102,11-20
ចំនួន,15,5,103,11-20
ចេញ,15,3,104,11-20
អាច,15,3,105,11-20
បង្ហាញ,15,6,106,11-20
ចូល,15,3,107,11-20
នានា,15,4,108,11-20
ព័ទ្ធ,15,5,109,11-20
ឡើយ,14,3,110,11-20
ថ្ងៃ,14,4,111,11-20
រឺ,14,2,112,11-20
ខាងក្រៅ,14,7,113,11-20
ទី២,14,3,114,11-20
ដែរ,14,3,115,11-20
ភក់,14,3,116,11-20
កន្លែង,14,6,117,11-20
សាសនា,13,5,118,11-20
ខ្លួន,13,5,119,11-20
ខាងក្នុង,13,8,120,11-20
ហៅ,13,2,121,11-20
ក្រុង,13,5,122,11-20
នគរ,13,3,123,11-20
អំពី,13,4,124,11-20
ដំបូង,13,5,125,11-20
ពាក្យ,13,5,126,11-20
ដី,13,2,127,11-20
សតវត្សរ៍,13,8,128,11-20
ទេ,13,2,129,11-20
សំខាន់,13,6,130,11-20
ជុំវិញ,13,6,131,11-20
តំណាង,13,5,132,11-20
ពិភពលោក,13,7,133,11-20
រាង,13,3,134,11-20
ព្រះវិស្ណុ,13,10,135,11-20
ខាងត្បូង,12,8,136,11-20
ដំបូល,12,5,137,11-20
គោ,12,2,138,11-20
កំពែង,12,5,139,11-20
ដូច,12,3,140,11-20
ន័យ,12,3,141,11-20
មកពី,12,4,142,11-20
ខ្ពស់,12,5,143,11-20
រចនាបថ,12,6,144,11-20
ស្ថាបត្យកម្ម,12,12,145,11-20
អ្នក,12,4,146,11-20
នីមួយ,12,5,147,11-20
ទាំងអស់,11,7,148,11-20
វិញ,11,3,149,11-20
ស្រុក,11,5,150,11-20
ក្បាច់,11,6,151,11-20
ច្រក,11,4,152,11-20
ជាប់,11,4,153,11-20
ប៉ុន្តែ,11,7,154,11-20
ស្រាល,11,5,155,11-20
ចំពោះ,11,5,156,11-20
ទេវតា,10,5,157,6-10
កំពុង,10,5,158,6-10
តូច,10,3,159,6-10
ប្រមាណ,10,6,160,6-10
ប្រហែល,10,6,161,6-10
អោយ,10,3,162,6-10
ឃើញ,10,3,163,6-10
ផងដែរ,10,5,164,6-10
ក្រុម,10,5,165,6-10
ប្រជាជន,10,7,166,6-10
លៀន,10,3,167,6-10
ម៉ែត្រ,10,6,168,6-10
ជញ្ជាំង,10,7,169,6-10
ចុង,10,3,170,6-10
បារាំង,10,6,171,6-10
លក្ខណៈ,10,6,172,6-10
ចំ,10,2,173,6-10
ប្រវែង,10,6,174,6-10
របៀប,9,4,175,6-10
រូបចម្លាក់,9,10,176,6-10
វត្ត,9,4,177,6-10
បុរី,9,4,178,6-10
ឆ្លាក់,9,6,179,6-10
ដោយសារ,9,6,180,6-10
បែរ,9,3,181,6-10
ជ្រុង,9,5,182,6-10
គូ,9,2,183,6-10
ទាំងនេះ,9,7,184,6-10
ខាងលើ,9,5,185,6-10
ល្អ,9,3,186,6-10
មួយចំនួន,9,8,187,6-10
ការ,9,3,188,6-10
បន្ត,9,4,189,6-10
សង់,8,3,190,6-10
ទេសចរ,8,5,191,6-10
ព្រហ្មញ្ញ,8,9,192,6-10
ទំហំ,8,4,193,6-10
អប្សរា,8,6,194,6-10
ដាក់,8,4,195,6-10
ដុំ,8,3,196,6-10
ឱ្យ,8,3,197,6-10
គ្រប់,8,5,198,6-10
កំពូល,8,5,199,6-10
ជ័យ,8,3,200,6-10
ទៅកាន់,8,6,201,6-10
ទៅនឹង,8,5,202,6-10
មុន,8,3,203,6-10
ថ្មី,8,4,204,6-10
គ្មាន,8,5,205,6-10
ឯង,8,2,206,6-10
សព្វ,8,4,207,6-10
រាជ,8,3,208,6-10
នា,7,2,209,6-10
អង្គរវត្តមាន,7,12,210,6-10
យក,7,2,211,6-10
ខ្សែ,7,4,212,6-10
ក៏ដោយ,7,5,213,6-10
អ័ក្ស,7,5,214,6-10
លាន,7,3,215,6-10
ជាន់,7,4,216,6-10
ទ្រង់,7,5,217,6-10
សករាជ,7,5,218,6-10
ភាសា,7,4,219,6-10
ជើង,7,3,220,6-10
ខាងក្រោម,7,8,221,6-10
បួន,7,3,222,6-10
ស្រី,7,4,223,6-10
អ.,7,2,224,6-10
សាងសង់,7,6,225,6-10
យកមក,7,4,226,6-10
បរម,7,3,227,6-10
ទីតាំង,7,6,228,6-10
អ្វី,7,4,229,6-10
បូជនីយដ្ឋាន,7,11,230,6-10
ព្រះមហាក្សត្រ,7,13,231,6-10
ចំណោម,7,5,232,6-10
សមុទ្រ,7,6,233,6-10
ទស្សនា,7,6,234,6-10
នៅក្បែរ,7,7,235,6-10
ស្គាល់,7,6,236,6-10
បន្ទាប់ពី,7,9,237,6-10
មនុស្ស,7,6,238,6-10
ចាប់តាំងពី,7,10,239,6-10
មើល,7,3,240,6-10
វប្បធម៌,7,7,241,6-10
ផ្ទៃ,7,4,242,6-10
រស់,7,3,243,6-10
ទទឹង,7,4,244,6-10
ស្ថាន,7,5,245,6-10
មកដល់,7,5,246,6-10
សិលាចារឹក,6,9,247,6-10
ស្ថានីយ,6,7,248,6-10
បន្តិច,6,6,249,6-10
អង្គ,6,4,250,6-10
ឃុំ,6,3,251,6-10
ឯកសារ,6,5,252,6-10
តួ,6,2,253,6-10
ភ្ញៀវ,6,5,254,6-10
គ្រិស្ត,6,7,255,6-10
សាប,6,3,256,6-10
អំឡុង,6,5,257,6-10
ស្នាដៃ,6,6,258,6-10
សូរ្យ,6,5,259,6-10
កសាង,6,4,260,6-10
ឡើងវិញ,6,6,261,6-10
ធម្មជាតិ,6,8,262,6-10
ចម្ងាយ,6,6,263,6-10
នាក់,6,4,264,6-10
ចុងក្រោយ,6,8,265,6-10
បន្ថែម,6,6,266,6-10
គ្រោង,6,5,267,6-10
តុបតែង,6,6,268,6-10
ពណ៌,6,3,269,6-10
ផ្ដល់,6,5,270,6-10
ជួរ,6,3,271,6-10
តាំង,6,4,272,6-10
ឆ្ងាយ,6,5,273,6-10
កំណត់,6,5,274,6-10
បឹង,6,3,275,6-10
ឲ្យដឹង,6,6,276,6-10
ប្រែ,6,4,277,6-10
ជណ្ដើរ,6,6,278,6-10
របៀង,6,4,279,6-10
កាល,6,3,280,6-10
យ៉ាងណា,6,6,281,6-10
ភ្ជាប់,6,6,282,6-10
ឧទ្ទិស,6,6,283,6-10
រវាង,6,4,284,6-10
វាំង,6,4,285,6-10
សក្ការៈបូជា,6,11,286,6-10
ត្រូវ,6,5,287,6-10
បើ,6,2,288,6-10
វិស្ណុ,6,6,289,6-10
រដ្ឋាភិបាល,6,10,290,6-10
ប្រក់,6,5,291,6-10
កំឡុង,6,5,292,6-10
ព្រៃ,6,4,293,6-10
ក្រោយ,6,5,294,6-10
ការស្ដារ,6,8,295,6-10
ជាតិ,6,4,296,6-10
អស់,6,3,297,6-10
សរុប,6,4,298,6-10
មុខ,6,3,299,6-10
ឲ្យ,6,3,300,6-10
និយម,6,4,301,6-10
ឥន្ទបត្ត,5,8,302,3-5
ល្បីល្បាញ,5,9,303,3-5
ព្រមទាំង,5,8,304,3-5
បញ្ជាក់,5,7,305,3-5
ទន្លេ,5,5,306,3-5
ឥដ្ធ,5,4,307,3-5
ជាដើម,5,5,308,3-5
ចំណាយ,5,5,309,3-5
ឥន្រ្ទ,5,6,310,3-5
រក,5,2,311,3-5
គាស់,5,4,312,3-5
គូលែន,5,5,313,3-5
ធ្លាក់,5,6,314,3-5
កំពុងតែ,5,7,315,3-5
គីឡូម៉ែត្រ,5,10,316,3-5
រា,5,2,317,3-5
ចាប់ពី,5,6,318,3-5
បណ្ណាល័យ,5,8,319,3-5
ការ៉េ,5,5,320,3-5
ប៉ុន្មាន,5,8,321,3-5
គុណ,5,3,322,3-5
គង់,5,3,323,3-5
ដំរី,5,4,324,3-5
ក្រោម,5,5,325,3-5
បច្ចុប្បន្ន,5,11,326,3-5
ខ្នាត,5,5,327,3-5
ផ្កា,5,4,328,3-5
ដទៃ,5,3,329,3-5
ទាក់ទង,5,6,330,3-5
លិច,5,3,331,3-5
សាច់រឿង,5,7,332,3-5
ក្បាល,5,5,333,3-5
ទោះបីជា,5,7,334,3-5
ទទួល,5,4,335,3-5
អះអាង,5,5,336,3-5
ផ្ទាល់,5,6,337,3-5
ថៃ,5,2,338,3-5
រូប,5,3,339,3-5
យើង,5,3,340,3-5
ប្រហែលជា,5,8,341,3-5
ទូទាំង,5,6,342,3-5
ទាំងមូល,5,7,343,3-5
វត្ថុ,5,5,344,3-5
ប៉ុណ្ណោះ,5,8,345,3-5
បោះបង់,5,6,346,3-5
ទៅដល់,5,5,347,3-5
កម្ពស់,5,6,348,3-5
រៀង,5,3,349,3-5
រចនាសម្ព័ន្ធ,5,12,350,3-5
រកឃើញ,5,5,351,3-5
ជឿ,5,2,352,3-5
ពិសេស,5,5,353,3-5
ការរចនា,5,7,354,3-5
ណាស់,5,4,355,3-5
បន្តបន្ទាប់,4,11,356,3-5
ជាធម្មតា,4,8,357,3-5
ដឹង,4,3,358,3-5
ប្រយោជន៍,4,8,359,3-5
ទឹកដោះ,4,6,360,3-5
បន្សល់ទុក,4,9,361,3-5
ការតុបតែង,4,9,362,3-5
ការបន្ថែម,4,9,363,3-5
ដដែល,4,4,364,3-5
កូរ,4,3,365,3-5
ផែនដី,4,5,366,3-5
កាច់ជ្រុង,4,9,367,3-5
លាតសន្ធឹង,4,9,368,3-5
តោន,4,3,369,3-5
ចំណារ,4,5,370,3-5
ធាតុ,4,4,371,3-5
សង្គ្រាម,4,8,372,3-5
ឈរ,4,2,373,3-5
បញ្ចូល,4,6,374,3-5
ហិណ្ឌូ,4,6,375,3-5
ក្រោយមក,4,7,376,3-5
ទុក,4,3,377,3-5
ឥឡូវ,4,4,378,3-5
ដូចគ្នា,4,7,379,3-5
ភស្តុតាង,4,8,380,3-5
វិចិត្រ,4,7,381,3-5
មាត្រ,4,5,382,3-5
ខុសពី,4,5,383,3-5
លើស,4,3,384,3-5
សរសេរ,4,5,385,3-5
បង្អស់,4,6,386,3-5
ស្រះ,4,4,387,3-5
ទេវៈ,4,4,388,3-5
ឥណ្ឌា,4,5,389,3-5
ព្រះសុមេរុ,4,10,390,3-5
ណា,4,2,391,3-5
តិចតួច,4,6,392,3-5
ប្រៀបធៀប,4,8,393,3-5
ហើយនិង,4,6,394,3-5
បញ្ចប់,4,6,395,3-5
រីឯ,4,3,396,3-5
កត់សម្គាល់,4,10,397,3-5
បណ្តោយ,4,6,398,3-5
រចនា,4,4,399,3-5
រំលឹក,4,5,400,3-5
គុណភាព,4,6,401,3-5
ទីប្រជុំជន,4,10,402,3-5
ការងារ,4,6,403,3-5
រឿង,4,3,404,3-5
ចំណែក,4,5,405,3-5
គិត,4,3,406,3-5
ធម្មតា,4,6,407,3-5
ឈូក,4,3,408,3-5
បាយ័ន,4,5,409,3-5
រាងកាកបាទ,4,9,410,3-5
តាំងពី,4,6,411,3-5
តាមរយៈ,4,6,412,3-5
ការរៀបចំ,4,8,413,3-5
មាស,4,3,414,3-5
ម្នាក់,4,6,415,3-5
អ្នកទេសចរណ៍,4,11,416,3-5
រហូតដល់,4,7,417,3-5
ប្រាក់,4,6,418,3-5
អ្នកស្រាវជ្រាវ,4,14,419,3-5
ធ្លាប់,4,6,420,3-5
ទៀន,4,3,421,3-5
ត្រឹមតែ,4,7,422,3-5
ទាំងនោះ,4,7,423,3-5
សសរ,4,3,424,3-5
សៀម,4,3,425,3-5
កម្លាំង,4,7,426,3-5
គ.ស.,4,4,427,3-5
ចំហៀង,4,5,428,3-5
ឥដ្ឋ,4,4,429,3-5
បាយ,4,3,430,3-5
បរិវេណ,4,6,431,3-5
ដោយសារតែ,4,8,432,3-5
មែន,4,3,433,3-5
ធ្លា,4,4,434,3-5
គួរអោយ,4,6,435,3-5
អសុរា,4,5,436,3-5
រាប់,4,4,437,3-5
រដូវ,4,4,438,3-5
គោលដៅ,4,5,439,3-5
កកាយ,4,4,440,3-5
ការពារ,4,6,441,3-5
គម្រោង,4,6,442,3-5
ទើប,4,3,443,3-5
អស្ចារ្យ,4,8,444,3-5
អាស្រ័យ,4,7,445,3-5
ស្រស់ស្អាត,4,10,446,3-5
ភូមិ,4,4,447,3-5
កសាងឡើង,4,7,448,3-5
ទឹកដី,4,5,449,3-5
សុទ្ធតែ,4,7,450,3-5
ខែ្មរ,4,5,451,3-5
វង់,4,3,452,3-5
តា,4,2,453,3-5
ខ្លោងទ្វារ,4,10,454,3-5
លយ,4,2,455,3-5
គ្រឿង,4,5,456,3-5
ប្រទះឃើញ,4,8,457,3-5
ផង,4,2,458,3-5
បច្ចេកទេស,4,9,459,3-5
ទាំងឡាយ,4,7,460,3-5
ពាយ័ព្យ,4,7,461,3-5
ប្រវត្តិសាស្ត្រ,4,15,462,3-5
ប្រ័ស្ថ,4,7,463,3-5
ជនជាតិ,4,6,464,3-5
នាគ,3,3,465,3-5
ចំណុច,3,5,466,3-5
អភិរក្ស,3,7,467,3-5
ព្រះពុទ្ធ,3,9,468,3-5
ជីក,3,3,469,3-5
ថ្វាយ,3,5,470,3-5
រយៈពេល,3,6,471,3-5
វែង,3,3,472,3-5
ការសោយទីវង្គត,3,13,473,3-5
ពាក់កណ្ដាល,3,10,474,3-5
រជ្ជកាល,3,7,475,3-5
ទេព,3,3,476,3-5
ប្លន់,3,5,477,3-5
បំផ្លិចបំផ្លាញ,3,14,478,3-5
ទីលំនៅ,3,6,479,3-5
ក្បែរ,3,5,480,3-5
ប្រពៃណី,3,7,481,3-5
ចុះ,3,3,482,3-5
ទី៧,3,3,483,3-5
ព្រះអាទិត្យ,3,11,484,3-5
រុងរឿង,3,6,485,3-5
កាំ,3,3,486,3-5
បើក,3,3,487,3-5
សំស្ក្រឹត,3,9,488,3-5
ថេរ,3,3,489,3-5
ពាន់,3,4,490,3-5
ប្រើប្រាស់,3,10,491,3-5
សូវ,3,3,492,3-5
ដើរ,3,3,493,3-5
ឯ,3,1,494,3-5
ខាងមុខ,3,6,495,3-5
វចនានុក្រម,3,10,496,3-5
អំណាច,3,5,497,3-5
បន្ទាយ,3,6,498,3-5
ព្រះរាជា,3,8,499,3-5
ធ្វើឱ្យ,3,7,500,3-5
បង្អួច,3,6,501,3-5
លើក,3,3,502,3-5
រង្វង់,3,6,503,3-5
ភ្លាម,3,5,504,3-5
ដែនដី,3,5,505,3-5
វិស័យ,3,5,506,3-5
ចូលរួម,3,6,507,3-5
ប្រត្ថ,3,6,508,3-5
នាំ,3,3,509,3-5
ម្ខាង,3,5,510,3-5
ហេតុ,3,4,511,3-5
ទ្វារ,3,5,512,3-5
គ្រឹះ,3,5,513,3-5
បង្កើតឡើង,3,9,514,3-5
សត្វ,3,4,515,3-5
បណ្ដោយ,3,6,516,3-5
សម,3,2,517,3-5
រាត្រី,3,6,518,3-5
តារា,3,4,519,3-5
ភ្នំពេញ,3,7,520,3-5
ឆៀង,3,3,521,3-5
ក្លាយជា,3,7,522,3-5
ជំនាញ,3,5,523,3-5
មូល,3,3,524,3-5
ស្មើ,3,4,525,3-5
ពលកម្ម,3,6,526,3-5
គ្រប់គ្រង,3,9,527,3-5
ការបំផ្លិចបំផ្លាញ,3,17,528,3-5
ចោល,3,3,529,3-5
ក្រៀម,3,5,530,3-5
ទ្រង់ទ្រាយ,3,10,531,3-5
ទីកន្លែង,3,8,532,3-5
មើលឃើញ,3,6,533,3-5
លាក់,3,4,534,3-5
ក្រៅពី,3,6,535,3-5
រំលេច,3,5,536,3-5
ព្រះបរម,3,7,537,3-5
គរ,3,2,538,3-5
អគារ,3,4,539,3-5
ខ្លាំង,3,6,540,3-5
បូជា,3,4,541,3-5
បណ្ឌិត,3,6,542,3-5
ភ្ញី,3,4,543,3-5
ឆ្លងកាត់,3,8,544,3-5
ដឹកជញ្ជូន,3,9,545,3-5
រន្ធ,3,4,546,3-5
មេ,3,2,547,3-5
ចាប់ផ្ដើម,3,9,548,3-5
ពេលវេលា,3,7,549,3-5
ប,3,1,550,3-5
ភ្នែក,3,5,551,3-5
ទំនើប,3,5,552,3-5
បុរាណវិទ្យា,3,11,553,3-5
មូលនិធិ,3,7,554,3-5
ស្ថានភាព,3,8,555,3-5
ប្រព័ន្ធ,3,8,556,3-5
ត្រី,3,4,557,3-5
ខ្លី,3,4,558,3-5
ក្បួន,3,5,559,3-5
ក្លាយ,3,5,560,3-5
ដូច្នេះ,3,7,561,3-5
បរទេស,3,5,562,3-5
កម្រាល,3,6,563,3-5
គំនិត,3,5,564,3-5
ធ្វើឡើង,3,7,565,3-5
ទីស្នាក់,3,8,566,3-5
ការអភិវឌ្ឍ,3,10,567,3-5
យ,3,1,568,3-5
ល្បី,3,4,569,3-5
ឥសូរ,3,4,570,3-5
ឥត,3,2,571,3-5
បែប,3,3,572,3-5
ទោះបី,3,5,573,3-5
តែងតែ,3,5,574,3-5
ប្រវត្តិសាស្រ្ត,3,15,575,3-5
ជេន្ទ្រ,3,7,576,3-5
ព្រោះ,3,5,577,3-5
រស់រវើក,3,7,578,3-5
ផ្កាឈូក,3,7,579,3-5
ទៅក្នុង,3,7,580,3-5
សុទ្ធសឹង,3,8,581,3-5
ការកសាង,3,7,582,3-5
ពិស្ណុ,3,6,583,3-5
ប្រកបដោយ,3,8,584,3-5
ទង,3,2,585,3-5
កាលពី,3,5,586,3-5
ទី១០,3,4,587,3-5
សិល្បៈ,3,6,588,3-5
រង,3,2,589,3-5
ហ្សក,3,4,590,3-5
អាគារ,3,5,591,3-5
សាងឡើង,3,6,592,3-5
ហោត្រៃ,3,6,593,3-5
ចែកចេញ,3,6,594,3-5
ឯទៀត,3,4,595,3-5
បន្ទះ,3,5,596,3-5
ភាព,3,3,597,3-5
អម,3,2,598,3-5
សងខាង,3,5,599,3-5
កម្មវិធី,3,8,600,3-5
មូហ៊ត,3,5,601,3-5
ព្រះសូរ្យ,3,9,602,3-5
ណោះ,3,3,603,3-5
ឥន្ទ្រ,3,6,604,3-5
ចតុរង្គ,3,7,605,3-5
អាទិទេព,3,7,606,3-5
គ.ម,3,3,607,3-5
ស្រែ,3,4,608,3-5
មុខរបរ,3,6,609,3-5
បារាយណ៍,3,7,610,3-5
ស,2,1,611,1-2
យកមកពី,2,6,612,1-2
សភាព,2,4,613,1-2
ក្រៅ,2,4,614,1-2
អាណាចក្រ,2,8,615,1-2
រៀងរាល់,2,7,616,1-2
ថ្ងៃទី,2,6,617,1-2
រួច,2,3,618,1-2
ជំនួស,2,5,619,1-2
ពឹង,2,3,620,1-2
សាល,2,3,621,1-2
ពិត,2,3,622,1-2
រះ,2,2,623,1-2
ចែក,2,3,624,1-2
រាប់អាន,2,7,625,1-2
ព្រៃឈើ,2,6,626,1-2
ការគ្រប់គ្រង,2,12,627,1-2
ទសវត្ស,2,6,628,1-2
ចោរ,2,3,629,1-2
សញ្ញា,2,5,630,1-2
មែនិកា,2,6,631,1-2
លំនៅ,2,4,632,1-2
ទេសភាព,2,6,633,1-2
និមិត្តរូប,2,10,634,1-2
ថាមពល,2,5,635,1-2
មហា,2,3,636,1-2
រុំ,2,3,637,1-2
ឆ្ពោះទៅ,2,7,638,1-2
ហ្គ្លេស,2,7,639,1-2
ទីធ្លា,2,6,640,1-2
ជិត,2,3,641,1-2
ផ្ទាំង,2,6,642,1-2
ខាងឆ្វេង,2,8,643,1-2
ធម្មយាត្រា,2,10,644,1-2
រ្ម័ន,2,5,645,1-2
បាលី,2,4,646,1-2
មោទនភាពជាតិ,2,11,647,1-2
តម្លៃ,2,5,648,1-2
ដក,2,2,649,1-2
សាង,2,3,650,1-2
បំពេញ,2,5,651,1-2
រយៈ,2,3,652,1-2
គំនូរ,2,5,653,1-2
ជីវិត,2,5,654,1-2
កំបោរ,2,5,655,1-2
មីសែល,2,5,656,1-2
ត្រាណេ,2,6,657,1-2
មានប្រសាសន៍,2,11,658,1-2
10លាន,2,5,659,1-2
ទ្រី,2,4,660,1-2
អ្នកនិពន្ធ,2,10,661,1-2
រហូតមកដល់,2,9,662,1-2
តោ,2,2,663,1-2
ទាញ,2,3,664,1-2
ការពិត,2,6,665,1-2
កាន់តែ,2,6,666,1-2
ក្លាយទៅជា,2,9,667,1-2
ថែម,2,3,668,1-2
ពុទ្ធសាសនា,2,10,669,1-2
ដាក់បញ្ចូល,2,10,670,1-2
ទម្រង់,2,6,671,1-2
សម្តេច,2,6,672,1-2
នៅតែ,2,4,673,1-2
កេរ,2,3,674,1-2
ដំណែល,2,5,675,1-2
អាណានិគម,2,8,676,1-2
ចោទ,2,3,677,1-2
សកល,2,3,678,1-2
បុព្វការី,2,9,679,1-2
ការកោតសរសើរ,2,11,680,1-2
កែ្បរ,2,5,681,1-2
ប៉ារីស,2,6,682,1-2
ចូលទៅ,2,5,683,1-2
ប្រម៉ាណ,2,7,684,1-2
អង្គការ,2,7,685,1-2
ដឹកនាំ,2,6,686,1-2
ទទួលយក,2,6,687,1-2
កំពស់,2,5,688,1-2
បង្កើត,2,6,689,1-2
យូណេស្កូ,2,8,690,1-2
មុឺន,2,4,691,1-2
អណ្ដើក,2,6,692,1-2
ព្រះឥន្ទ,2,8,693,1-2
សោធរ,2,4,694,1-2
គោរព,2,4,695,1-2
ឧទាហរណ៍,2,7,696,1-2
ការហៅ,2,5,697,1-2
ដាក់ឈ្មោះ,2,9,698,1-2
ការបូជា,2,7,699,1-2
ស្ថាបត្យករ,2,10,700,1-2
នាម,2,3,701,1-2
ស្តេច,2,5,702,1-2
កើត,2,3,703,1-2
អ្នកអភិរក្ស,2,11,704,1-2
រឿងរ៉ាវ,2,7,705,1-2
ពេញ,2,3,706,1-2
ត្រា,2,4,707,1-2
បាពួន,2,5,708,1-2
អ្នកស្រុក,2,9,709,1-2
បារាយ,2,5,710,1-2
ចតុកោណ,2,6,711,1-2
នៅឡើយ,2,5,712,1-2
រដ្ឋ,2,4,713,1-2
សម្ភារៈ,2,7,714,1-2
ជាពិសេស,2,7,715,1-2
ភាវៈ,2,4,716,1-2
ស្ពាន,2,5,717,1-2
អក្សរចារឹក,2,10,718,1-2
កំបាំង,2,6,719,1-2
ពិសិដ្ឋ,2,7,720,1-2
វិទូ,2,4,721,1-2
ព្រះពុទ្ធអង្គ,2,13,722,1-2
ហ្សឹ,2,4,723,1-2
មហាន,2,4,724,1-2
អង់ហ៊្រី,2,8,725,1-2
សាសន៍,2,5,726,1-2
ឱង្ការ,2,6,727,1-2
ព្រះរាជ,2,7,728,1-2
ខុសគ្នា,2,7,729,1-2
សុធរវ,2,5,730,1-2
សន្លឹក,2,6,731,1-2
បដិមា,2,5,732,1-2
រៀបរាប់,2,7,733,1-2
មាយណៈ,2,5,734,1-2
ភារតៈ,2,5,735,1-2
ប្រៀប,2,5,736,1-2
វាទ,2,3,737,1-2
សមរភូមិ,2,7,738,1-2
បន្ទាប់មក,2,9,739,1-2
សួគ៌,2,4,740,1-2
បង្កាន់ដៃ,2,9,741,1-2
ការកូរ,2,6,742,1-2
ហេតុផល,2,6,743,1-2
ការដឹកនាំ,2,9,744,1-2
ត្រង់,2,5,745,1-2
សុរិយដ្ឋាន,2,10,746,1-2
ករណី,2,4,747,1-2
ត្របក,2,5,748,1-2
ក្ឫស្នា,2,7,749,1-2
ដៃ,2,2,750,1-2
ស.ម,2,3,751,1-2
ច្បាស់លាស់,2,10,752,1-2
តំណ,2,3,753,1-2
ជួនកាល,2,6,754,1-2
ដំណាប់,2,6,755,1-2
៦៥ម,2,3,756,1-2
ពួរ,2,3,757,1-2
ការធ្វើ,2,7,758,1-2
រន្ទា,2,5,759,1-2
ជម្រៅ,2,5,760,1-2
ឥទ្ធិពល,2,7,761,1-2
កាន់,2,4,762,1-2
កន្លះ,2,5,763,1-2
ក្បូន,2,5,764,1-2
ស្ទឹង,2,5,765,1-2
ចៀសវាង,2,6,766,1-2
បង្ហើយ,2,6,767,1-2
ទាន់,2,4,768,1-2
សូម្បីតែ,2,8,769,1-2
ត,2,1,770,1-2
ពីក្រោយ,2,7,771,1-2
អភិវឌ្ឍ,2,7,772,1-2
សម័យកាល,2,7,773,1-2
លួច,2,3,774,1-2
គ្រា,2,4,775,1-2
ក្បូរ,2,5,776,1-2
របង,2,3,777,1-2
ចក្រភព,2,6,778,1-2
ធ្វើឲ្យ,2,7,779,1-2
រយ,2,2,780,1-2
ការស្ទាបស្ទង់,2,13,781,1-2
ស្ដារ,2,5,782,1-2
កិច្ចប្រឹងប្រែង,2,15,783,1-2
ស្ថាបនា,2,7,784,1-2
ខូច,2,3,785,1-2
ប្រាំ,2,5,786,1-2
លទ្ធផល,2,6,787,1-2
គ.,2,2,788,1-2
ចម្បង,2,5,789,1-2
សាយ,2,3,790,1-2
មហាសមុទ្រ,2,9,791,1-2
ប៉ែក,2,4,792,1-2
ដំណាក់កាល,2,9,793,1-2
ម្ដង,2,4,794,1-2
ជាមួយនឹង,2,8,795,1-2
លំអ,2,3,796,1-2
ទៅជា,2,4,797,1-2
ឃ្លាត,2,5,798,1-2
យាម,2,3,799,1-2
ការវិវត្ត,2,9,800,1-2
សិក្ខាសាលា,2,10,801,1-2
សម្បើម,2,6,802,1-2
ទីស្ថាន,2,7,803,1-2
សូគី,2,4,804,1-2
ម៉ិច,2,4,805,1-2
ព័រទុយហ្គាល់,2,12,806,1-2
ទាំ,2,3,807,1-2
អាជ្ញាធរ,2,8,808,1-2
កំណើន,2,5,809,1-2
សម្របសម្រួល,2,11,810,1-2
អន្តរជាតិ,2,9,811,1-2
ពិភាក្សា,2,8,812,1-2
បុណ្យ,2,5,813,1-2
ពាណិជ្ជកម្ម,2,11,814,1-2
និយាយ,2,5,815,1-2
សេវាកម្ម,2,8,816,1-2
សេដ្ឋកិច្ច,2,10,817,1-2
សណ្ឋាគារ,2,8,818,1-2
ពិពណ៌នា,2,7,819,1-2
សព,2,2,820,1-2
ធ្វើអោយ,2,7,821,1-2
ពីមុន,2,5,822,1-2
ពិតាន,2,5,823,1-2
បរិយាកាស,2,8,824,1-2
ផុស,2,3,825,1-2
បងប្អូន,2,7,826,1-2
ឥណ្ឌូណេស៊ី,2,10,827,1-2
ព្រះឥសូរ,2,8,828,1-2
ផ្ទុយ,2,5,829,1-2
ទាំងស្រុង,2,9,830,1-2
ស្រង់,2,5,831,1-2
ចំងាយ,2,5,832,1-2
ការការពារ,2,9,833,1-2
ហ្គ្លេសហ្សឹ,2,11,834,1-2
ជប៉ុន,2,5,835,1-2
ជន់,2,3,836,1-2
បញ្ចុះ,2,6,837,1-2
ហោ,2,2,838,1-2
ល្អិត,2,5,839,1-2
ការមើលឃើញ,2,9,840,1-2
ច្រឡឹង,2,6,841,1-2
ទ្រវែង,2,6,842,1-2
ដូចនេះ,2,6,843,1-2
ទេវរាជ,2,6,844,1-2
យោបល់,2,5,845,1-2
ស្លាកស្នាម,2,10,846,1-2
ការបង្វែរ,2,9,847,1-2
ជ្ញវ,2,4,848,1-2
រាហៈ,2,4,849,1-2
ទី៥,2,3,850,1-2
ឈុត,2,3,851,1-2
ទីលាន,2,5,852,1-2
កិត្តិយស,2,8,853,1-2
រោង,2,3,854,1-2
ព្រះអង្គ,2,8,855,1-2
រុករក,2,5,856,1-2
ឆាក,2,3,857,1-2
ស្រុត,2,5,858,1-2
ម្តង,2,4,859,1-2
រត់,2,3,860,1-2
សេក,2,3,861,1-2
ទេវកថា,2,6,862,1-2
ទុយ,2,3,863,1-2
កសិ្សណ,2,6,864,1-2
អ្នករុករក,2,9,865,1-2
សមាសភាគ,2,7,866,1-2
រ,2,1,867,1-2
លាត,2,3,868,1-2
លេខ,2,3,869,1-2
ទី១,2,3,870,1-2
យ៉,2,2,871,1-2
លង់,2,3,872,1-2
ពិបាក,2,5,873,1-2
ចេញមក,2,5,874,1-2
៩៥ម៉ែត្រ,2,8,875,1-2
កាលបរិច្ឆេទ,2,11,876,1-2
មាលា,2,4,877,1-2
ចន្លោះ,2,6,878,1-2
យល់,2,3,879,1-2
ណាមួយ,2,5,880,1-2
បម្រើ,2,5,881,1-2
លម្អ,2,4,882,1-2
បញ្ច្រាស,2,8,883,1-2
គាត់,2,4,884,1-2
លើកឡើង,2,6,885,1-2
មូលហេតុ,2,7,886,1-2
ត្បិត,2,5,887,1-2
ក្បឿង,2,5,888,1-2
ជាទូទៅ,2,6,889,1-2
ពុំ,2,3,890,1-2
សាលាសំណាក់,2,10,891,1-2
ឆ្លុះបញ្ចាំង,2,12,892,1-2
ខ្ពង់រាប,2,8,893,1-2
ផ្គុំ,2,5,894,1-2
បុរេ,2,4,895,1-2
លង្វែក,2,6,896,1-2
សាង់,2,4,897,1-2
ចាត់ទុក,2,7,898,1-2
រួមគ្នា,2,7,899,1-2
ព្រះមហា,2,7,900,1-2
ធ្នឹម,2,5,901,1-2
ប្រមូល,2,6,902,1-2
ព្រះពិស្ណុ,2,10,903,1-2
ព្រះឥន្ទ្រ,2,10,904,1-2
រមណីយដ្ឋាន,2,10,905,1-2
ចតុមុខ,2,6,906,1-2
ហាយ,2,3,907,1-2
ហង់,2,3,908,1-2
រី,2,2,909,1-2
កំពង់ចាម,2,8,910,1-2
បន្ទាយមានជ័យ,2,12,911,1-2
បាត់ដំបង,2,8,912,1-2
ជាលំដាប់,2,8,913,1-2
ព្រះវិហារ,2,9,914,1-2
ហែង,2,3,915,1-2
ជំនន់,2,5,916,1-2
វាល,2,3,917,1-2
ឆក់,2,3,918,1-2
ពេលណា,2,5,919,1-2
ភ្លៀង,2,5,920,1-2
ក្រិក,2,5,921,1-2
ចំការដំនាំ,2,10,922,1-2
អាជីវកម្ម,2,9,923,1-2
នេសាទ,2,5,924,1-2
ជនបទ,2,4,925,1-2
ផ្អែក,2,5,926,1-2
រហូតមក,2,6,927,1-2
ទល់,2,3,928,1-2
បវរ,2,3,929,1-2
សំនង់,2,5,930,1-2
ជន,2,2,931,1-2
ប្រសិនបើ,2,8,932,1-2
ជ្រើសរើស,2,8,933,1-2
រ៉ូម,2,4,934,1-2
ចាប់ផ្តើម,2,9,935,1-2
កំណត់ហេតុ,2,9,936,1-2
ចិន,2,3,937,1-2
គម្ពីរ,2,6,938,1-2
បទដ្ឋាន,1,7,939,1-2
សភាវៈ,1,5,940,1-2
អធិរាជាណាចក្រ,1,13,941,1-2
ពីព្រោះ,1,7,942,1-2
ទិសដៅ,1,5,943,1-2
សហ,1,2,944,1-2
មជ្ឈមណ្ឌល,1,9,945,1-2
ឱឌ៉ិឝា,1,6,946,1-2
ចោឡ៊,1,4,947,1-2
រ៊,1,2,948,1-2
ទមិឡ,1,4,949,1-2
នាដុ,1,4,950,1-2
សំគាល់,1,6,951,1-2
ដាច់ដោយឡែក,1,10,952,1-2
អាទិ,1,4,953,1-2
គ្រហស្ថ,1,7,954,1-2
បុរាណវិទូ,1,9,955,1-2
ឆាល,1,3,956,1-2
ទាប,1,3,957,1-2
នាំមក,1,5,958,1-2
សឺដេស,1,5,959,1-2
សន្និដ្ឋាន,1,10,960,1-2
បម្រុងទុក,1,9,961,1-2
ព្រះសព,1,6,962,1-2
ការឧទ្ទិស,1,9,963,1-2
ប្រឆាំង,1,7,964,1-2
ទក្ខិណា,1,7,965,1-2
វដ្ដ,1,4,966,1-2
ប្រសវ្យៈ,1,8,967,1-2
យត្ត,1,4,968,1-2
សព្ទ,1,4,969,1-2
វិជ្ជា,1,6,970,1-2
ការបញ្ច្រាស,1,11,971,1-2
រីត៍,1,4,972,1-2
ប្រារព្ធ,1,8,973,1-2
សេវការ,1,6,974,1-2
សន្តិភាព,1,8,975,1-2
ប្រកាស,1,6,976,1-2
អឹស,1,3,977,1-2
អ៊ែម,1,4,978,1-2
ក្រឡ,1,4,979,1-2
ប៉មកណ្ដាល,1,9,980,1-2
ការចំណាយ,1,8,981,1-2
សាកសព,1,5,982,1-2
ហ៊្វ្រី,1,7,983,1-2
ម៉ឹន,1,4,984,1-2
ចាខ,1,3,985,1-2
អាណត្តិ,1,7,986,1-2
មន្ទីរ,1,6,987,1-2
ស័ក្ដ,1,5,988,1-2
សិទ្ធ,1,5,989,1-2
ការបកស្រាយ,1,10,990,1-2
ស្នើ,1,4,991,1-2
អិល,1,3,992,1-2
ឡឹណឺរ,1,5,993,1-2
ទាញយក,1,5,994,1-2
ការលាយឡំ,1,8,995,1-2
ចំណាប់អារម្មណ៍,1,14,996,1-2
សង្ស័យ,1,6,997,1-2
សភា,1,3,998,1-2
បរិកប្បកម្ម,1,11,999,1-2
អ្នកដទៃ,1,7,1000,1-2
ហ្គ្រេម,1,7,1001,1-2
ទី២:,1,4,1002,1-2
រង្វាស់,1,7,1003,1-2
វដ្ត,1,4,1004,1-2
សុរិយគតិ,1,8,1005,1-2
ចន្ទ,1,4,1006,1-2
គតិ,1,3,1007,1-2
ជាលំហ,1,5,1008,1-2
ស្ងប់,1,5,1009,1-2
ព្រះទ័យ,1,7,1010,1-2
ធានី,1,4,1011,1-2
ប្រាក្រឹត,1,9,1012,1-2
រ័ត្ន,1,5,1013,1-2
ព្រះខ័ន,1,7,1014,1-2
រាជ្យ,1,5,1015,1-2
សេចក្ដីតំណាល,1,12,1016,1-2
ព្រះឥន្រ្ទ,1,10,1017,1-2
ការលើកឡើង,1,9,1018,1-2
ហ៊ែង,1,4,1019,1-2
ខខ់,1,3,1020,1-2
និករ,1,4,1021,1-2
មករ,1,3,1022,1-2
គំរូ,1,4,1023,1-2
—រចនាបថ,1,7,1024,1-2
[[យ,1,3,1025,1-2
គង់វង្ស,1,7,1026,1-2
ទំនុកចិត្ត,1,10,1027,1-2
ការប្រើប្រាស់,1,13,1028,1-2
ចងចាំ,1,5,1029,1-2
កិច្ចការងារ,1,11,1030,1-2
ភ្នាក់ងារ,1,9,1031,1-2
ថ្វីបើ,1,6,1032,1-2
ជ័រ,1,3,1033,1-2
ប្រេង,1,5,1034,1-2
ភាពស៊ី,1,6,1035,1-2
ផ្ទាល់ខ្លួន,1,11,1036,1-2
ម៉ូហ៊្រី,1,8,1037,1-2
សម្រេចបាន,1,9,1038,1-2
ភាពល្អ,1,6,1039,1-2
ខ្ចោះ,1,5,1040,1-2
បង្អាក់,1,7,1041,1-2
នរ,1,2,1042,1-2
ត្រឹមត្រូវ,1,10,1043,1-2
ចាត់ចែង,1,7,1044,1-2
ឯកភាព,1,5,1045,1-2
ចរិក,1,4,1046,1-2
ទូក,1,3,1047,1-2
បុន,1,3,1048,1-2
ទន្ត,1,4,1049,1-2
ពង្រីក,1,6,1050,1-2
លេចឡើង,1,6,1051,1-2
ស្រោប,1,5,1052,1-2
ការស្រោប,1,8,1053,1-2
តោង,1,3,1054,1-2
ផ្សំ,1,4,1055,1-2
កម្រង,1,5,1056,1-2
សន្ធឹង,1,6,1057,1-2
និទាន,1,5,1058,1-2
កថា,1,3,1059,1-2
ចៅ,1,2,1060,1-2
ព្រះពិធូរ,1,9,1061,1-2
រុង,1,3,1062,1-2
ពិមាយ,1,5,1063,1-2
ការសន្និដ្ឋាន,1,13,1064,1-2
មាំ,1,3,1065,1-2
មួន,1,3,1066,1-2
ការលួច,1,6,1067,1-2
ការកន្លងទៅ,1,10,1068,1-2
ការបូក,1,6,1069,1-2
ពាស,1,3,1070,1-2
ខែមីនា,1,6,1071,1-2
ខែកញ្ញា,1,7,1072,1-2
យប់,1,3,1073,1-2
ស្មើគ្នា,1,8,1074,1-2
យញ្ញ,1,4,1075,1-2
ជាញឹកញាប់,1,9,1076,1-2
បរិមាណ,1,6,1077,1-2
សំរែ,1,4,1078,1-2
ធម្មនន្ទ,1,8,1079,1-2
កញ្ជុំ,1,6,1080,1-2
អាយុកាល2លាន,1,11,1081,1-2
រវង្វាស់,1,8,1082,1-2
កាំរស្មី,1,8,1083,1-2
2ឆ្នាំ,1,6,1084,1-2
ពន្លឺ,1,5,1085,1-2
ឆ្លុះ,1,5,1086,1-2
ធៀប,1,3,1087,1-2
ភាពស៊ីមេ,1,8,1088,1-2
ជាស្ថាបត្យកម្ម,1,14,1089,1-2
បង្រួម,1,6,1090,1-2
ឧបទ្វីប,1,7,1091,1-2
បញ្ជូល,1,6,1092,1-2
សំយោគយក,1,7,1093,1-2
បាញ់,1,4,1094,1-2
បង្ហោះ,1,6,1095,1-2
នៅពេល,1,5,1096,1-2
ដីខ្សាច់,1,8,1097,1-2
ចំនុច,1,5,1098,1-2
ហ្វូង,1,5,1099,1-2
ទី7,1,3,1100,1-2
ខ្សែរ,1,5,1101,1-2
ពីរ៉ា,1,5,1102,1-2
មីត,1,3,1103,1-2
ជីហ្សា,1,6,1104,1-2
អេសុី,1,5,1105,1-2
ឆីក,1,3,1106,1-2
ឈេន,1,3,1107,1-2
រីងស្ងួត,1,8,1108,1-2
ទាំង3,1,5,1109,1-2
ផ្កាយ,1,5,1110,1-2
រណប,1,3,1111,1-2
ដូចតទៅ៖,1,7,1112,1-2
ល្ហី,1,4,1113,1-2
ឈីលី,1,4,1114,1-2
សំរិទ្ធ,1,7,1115,1-2
ទៀងទាត់,1,7,1116,1-2
ព្រឹក,1,5,1117,1-2
រសៀល,1,4,1118,1-2
រូបភាព,1,6,1119,1-2
បង្កប់,1,6,1120,1-2
ចក្រវាឡ,1,7,1121,1-2
សា,1,2,1122,1-2
មុិច,1,4,1123,1-2
សុិច,1,4,1124,1-2
រូបសំណាក,1,8,1125,1-2
បុរេប្រវត្តិ,1,12,1126,1-2
ពាក្យសំស្ដ្រ,1,12,1127,1-2
ព្រះសង្ឃ,1,8,1128,1-2
ប្រទាន,1,6,1129,1-2
កេរ្តិ៍,1,7,1130,1-2
សស្រ្តា,1,7,1131,1-2
ពាក្ថាយ,1,7,1132,1-2
សេចក្ដីពន្យល់,1,13,1133,1-2
ហ្សឹកត់សម្គាល់,1,14,1134,1-2
ទទេ,1,3,1135,1-2
ជំនួយ,1,5,1136,1-2
បច្ចេកវិទ្យា,1,12,1137,1-2
បញ្ញា,1,5,1138,1-2
សម្បត្តិ,1,8,1139,1-2
ការគណនា,1,7,1140,1-2
សុក្រឹត្យ,1,9,1141,1-2
សំនួរ,1,5,1142,1-2
អុីត,1,4,1143,1-2
៨០២ម,1,4,1144,1-2
"៤,៥ម",1,4,1145,1-2
៣០ម,1,3,1146,1-2
១៩០ម,1,4,1147,1-2
ច្រាំង,1,6,1148,1-2
ផ្លូវកាត់,1,9,1149,1-2
អាធំ,1,4,1150,1-2
បាក់បែក,1,7,1151,1-2
រាំ,1,3,1152,1-2
លោត,1,3,1153,1-2
កញ្ឆេង,1,6,1154,1-2
ធ្មេញ,1,5,1155,1-2
នាង,1,3,1156,1-2
ចំណាំង,1,6,1157,1-2
សមរម្យ,1,6,1158,1-2
តារាជ,1,5,1159,1-2
ជារឿយ,1,5,1160,1-2
ល្មម,1,4,1161,1-2
គ្របដណ្ដប់,1,10,1162,1-2
៣៥០ម,1,4,1163,1-2
បិទ,1,3,1164,1-2
ចន្លោះស,1,7,1165,1-2
សរ,1,2,1166,1-2
រេរាំ,1,5,1167,1-2
ខាងកើតមាន,1,9,1168,1-2
ប្រុស,1,5,1169,1-2
រេ,1,2,1170,1-2
តោភ្ជាប់,1,8,1171,1-2
កែង,1,3,1172,1-2
ងើបឡើង,1,6,1173,1-2
មែនិកាបកស្រាយ,1,13,1174,1-2
ព្រះព្រហ្ម,1,10,1175,1-2
ព្រះចន្ទ,1,8,1176,1-2
អេកឺរ,1,5,1177,1-2
ម្យ៉ាងទៀត,1,9,1178,1-2
កាន់កាប់,1,8,1179,1-2
សេសសល់,1,6,1180,1-2
លើកលែងតែ,1,8,1181,1-2
២១៥ម,1,4,1182,1-2
ចំហ,1,3,1183,1-2
ជន្ទល់,1,6,1184,1-2
ព្រះពាន់,1,8,1185,1-2
ពុទ្ធ,1,5,1186,1-2
ប្រាំមួយ,1,8,1187,1-2
ពីមុខ,1,5,1188,1-2
ភ្ជាប់គ្នា,1,10,1189,1-2
ជាន,1,3,1190,1-2
ច្រៀង,1,5,1191,1-2
១៥ម,1,3,1192,1-2
ជោរ,1,3,1193,1-2
ព្រះសុមេរុ។,1,11,1194,1-2
លំបាក,1,5,1195,1-2
ពីព្រោះតែ,1,9,1196,1-2
ទីលំហ,1,5,1197,1-2
រាក់,1,4,1198,1-2
ពស់,1,3,1199,1-2
គ្រុឌ,1,5,1200,1-2
ហោជាង,1,5,1201,1-2
ងើប,1,3,1202,1-2
៤៣ម,1,3,1203,1-2
ពីលើ,1,4,1204,1-2
តម្ដល់,1,6,1205,1-2
ទូលាយ,1,5,1206,1-2
ទីនេះ,1,5,1207,1-2
ទង្វើ,1,5,1208,1-2
ភូមា,1,4,1209,1-2
គូស,1,3,1210,1-2
លុង,1,3,1211,1-2
រណ្ដៅ,1,5,1212,1-2
សក្ការៈ,1,7,1213,1-2
ខ្សាច់,1,6,1214,1-2
រតនសម្បត្តិ,1,11,1215,1-2
ខំ,1,2,1216,1-2
ស្វែងរក,1,7,1217,1-2
ពិសិដ្ឋិ,1,8,1218,1-2
ការឡើង,1,6,1219,1-2
បាកាន,1,5,1220,1-2
៦០ម,1,3,1221,1-2
ការប្រក់,1,8,1222,1-2
ថៃ្ង,1,4,1223,1-2
ទី៦,1,3,1224,1-2
ក្រោយពី,1,7,1225,1-2
ធូវ,1,3,1226,1-2
វ៉េ,1,3,1227,1-2
យាង,1,3,1228,1-2
វិសេសនាម,1,8,1229,1-2
គោរម,1,4,1230,1-2
ជ្វា,1,4,1231,1-2
ហរិហ,1,4,1232,1-2
រាល័យ,1,5,1233,1-2
រលួស,1,4,1234,1-2
បពិត្រ,1,6,1235,1-2
ធិបតី,1,5,1236,1-2
វប្បធ,1,5,1237,1-2
ផ្តើម,1,5,1238,1-2
អភិសេក,1,6,1239,1-2
កុម៌,1,4,1240,1-2
អសុរ,1,4,1241,1-2
ស្ដាំ,1,5,1242,1-2
ការអភិសេក,1,9,1243,1-2
កិត្ត,1,5,1244,1-2
តំណត,1,4,1245,1-2
មូលដ្ឋាន,1,8,1246,1-2
វីរក,1,4,1247,1-2
ពិធី,1,4,1248,1-2
ផ្តល់,1,5,1249,1-2
អ៊ាំម,1,5,1250,1-2
យល់ដឹង,1,6,1251,1-2
ចូលចិត្ត,1,8,1252,1-2
ទ្រនិច,1,6,1253,1-2
ទនេ្ល,1,5,1254,1-2
នាឡិកា,1,6,1255,1-2
សមរភូមិលង្កា,1,12,1256,1-2
ព្រះរាម,1,7,1257,1-2
កម្ចាត់,1,7,1258,1-2
រាវនៈ,1,5,1259,1-2
អូរ,1,3,1260,1-2
កុរុក្ឞេត្រ,1,11,1261,1-2
ការសាបរ,1,7,1262,1-2
លាប,1,3,1263,1-2
ព្រម,1,4,1264,1-2
ត្រកូល,1,6,1265,1-2
កៅរវៈ,1,5,1266,1-2
បាណ្ឌវៈ,1,7,1267,1-2
ដង្ហែរ,1,6,1268,1-2
យម,1,2,1269,1-2
ន,1,1,1270,1-2
មែនទែន,1,6,1271,1-2
អង្គរបាល,1,8,1272,1-2
គឺជាមួយ,1,7,1273,1-2
ជម,1,2,1274,1-2
សរសើរ,1,5,1275,1-2
អង្គរត្ត,1,8,1276,1-2
សេ្តច,1,5,1277,1-2
នាគវា,1,5,1278,1-2
សុកិ,1,4,1279,1-2
សោយរាជ្យសម្បត្តិ,1,16,1280,1-2
និកា,1,4,1281,1-2
យាន,1,3,1282,1-2
ពន្យល់,1,6,1283,1-2
អសមាមាត្រ,1,9,1284,1-2
មរណៈ,1,4,1285,1-2
សិសិររដូវ,1,9,1286,1-2
សុធរ,1,4,1287,1-2
កន្ទុយ,1,6,1288,1-2
ចាស់,1,4,1289,1-2
រំហើយ,1,5,1290,1-2
និទាឃ,1,5,1291,1-2
បន្ទាប់,1,7,1292,1-2
កម្ចាយ,1,6,1293,1-2
១៦),1,3,1294,1-2
ជ័យជម្នះ,1,8,1295,1-2
ទី១៦,1,4,1296,1-2
ពនៈ,1,3,1297,1-2
យោង,1,3,1298,1-2
ទៅតាម,1,5,1299,1-2
មួយចំណែក,1,8,1300,1-2
អាក្រក់,1,7,1301,1-2
ព្រះហិណ្ឌូ,1,10,1302,1-2
សតវត្យរ៍,1,8,1303,1-2
អង្កត់ផ្ចិត,1,11,1304,1-2
ឥន្ទ,1,4,1305,1-2
រាមាយណៈ,1,7,1306,1-2
អវតារ,1,5,1307,1-2
រលោង,1,4,1308,1-2
ព,1,1,1309,1-2
ពាល,1,3,1310,1-2
ប៉ូលា,1,5,1311,1-2
អជាមួយ,1,6,1312,1-2
បត្ត,1,4,1313,1-2
តឹង,1,3,1314,1-2
ម្ភានគរ,1,7,1315,1-2
ប្រហោង,1,6,1316,1-2
សាមញ្ញ,1,6,1317,1-2
ពន្លូញ,1,6,1318,1-2
ជា៥,1,3,1319,1-2
អឺរ៉ុប,1,6,1320,1-2
លលក,1,3,1321,1-2
ទំនាញ,1,5,1322,1-2
ក្ដីសន្និដ្ឋាន,1,14,1323,1-2
ការផ្សំគ្នា,1,11,1324,1-2
បញ្ជី,1,5,1325,1-2
ស្រកី,1,5,1326,1-2
ជក់,1,3,1327,1-2
រ៉ក,1,3,1328,1-2
បេតិកភណ្ឌ,1,9,1329,1-2
ការស្ថាបនា,1,10,1330,1-2
ឫស្សី,1,5,1331,1-2
ហ្រង់រី,1,7,1332,1-2
មហ៊ត,1,4,1333,1-2
"រន្ធ២,៥",1,7,1334,1-2
វ,1,1,1335,1-2
ឡើងសោយរាជ្យ,1,11,1336,1-2
ជាក់ស្ដែង,1,9,1337,1-2
រឺក៏,1,4,1338,1-2
សហសម័យ,1,6,1339,1-2
អ្នកប្រាជ្ញ,1,11,1340,1-2
ចូលរួមគ្នា,1,10,1341,1-2
ដំបង,1,4,1342,1-2
ដែក,1,3,1343,1-2
អះ.,1,3,1344,1-2
ស្នៀត,1,5,1345,1-2
បណ្ដោះអាសន្ន,1,12,1346,1-2
ជួយហត្ថកិច្ច,1,12,1347,1-2
សាជី,1,4,1348,1-2
ខាបផ្វ្រា,1,9,1349,1-2
អេហ៊្សី,1,7,1350,1-2
សណ្ដូក,1,6,1351,1-2
កើយ,1,3,1352,1-2
ជិះ,1,3,1353,1-2
នារី,1,4,1354,1-2
ឦសាន,1,4,1355,1-2
សេចក្ដីសន្និដ្ឋាន,1,17,1356,1-2
សោយរាជ្យ,1,8,1357,1-2
រ.,1,2,1358,1-2
ការប្រុងប្រយ័ត្ន,1,16,1359,1-2
ការស្រាវជ្រាវ,1,13,1360,1-2
ការក្រឡាប់,1,10,1361,1-2
ទម្ងន់,1,6,1362,1-2
វិស្វករ,1,7,1363,1-2
ប៉ាន់ប្រមាណ,1,11,1364,1-2
អ្នកសិក្សា,1,10,1365,1-2
វែកញែក,1,6,1366,1-2
ជុរា,1,4,1367,1-2
អ៊ែល,1,4,1368,1-2
ឡិច,1,3,1369,1-2
អិវ៉ឹន,1,6,1370,1-2
សំស្រ្កឹត,1,9,1371,1-2
ការឆ្លង,1,7,1372,1-2
អក្សរសិល្ប៍,1,11,1373,1-2
ស្នែង,1,5,1374,1-2
ឯក,1,2,1375,1-2
ឥន្ទ្រីយ,1,8,1376,1-2
សីហៈ,1,4,1377,1-2
ស្លាប,1,5,1378,1-2
អូសទាញ,1,6,1379,1-2
រទេះ,1,4,1380,1-2
ចម្បាំង,1,7,1381,1-2
ហីន,1,3,1382,1-2
ឈានដល់,1,6,1383,1-2
ករ,1,2,1384,1-2
ទាមទារ,1,6,1385,1-2
ទី២),1,4,1386,1-2
របាំ,1,4,1387,1-2
កេសាបថ,1,6,1388,1-2
ផ្ចិតផ្ចង់,1,10,1389,1-2
ស្ទើរតែ,1,7,1390,1-2
សំរឹទ្ធ,1,7,1391,1-2
គាស់កកាយ,1,8,1392,1-2
១១១៣—,1,5,1393,1-2
បានជា,1,5,1394,1-2
ប្រមុខ,1,6,1395,1-2
ការដំណើរការហាក់បីដូច,1,20,1396,1-2
នគរវត្ដ,1,7,1397,1-2
ខ,1,1,1398,1-2
ចិត្ត,1,5,1399,1-2
បញ្ឈរ,1,5,1400,1-2
លំអចម្លាក់,1,10,1401,1-2
ការអភិរក្ស,1,10,1402,1-2
អាល្លឺម៉ង់,1,10,1403,1-2
កសាងឡើងវិញ,1,10,1404,1-2
រ៉ច,1,3,1405,1-2
ចឺរ,1,3,1406,1-2
ហប,1,2,1407,1-2
គីន្ស៍,1,6,1408,1-2
ម៉ាខ,1,4,1409,1-2
ឡេហណឺ,1,5,1410,1-2
ការពិសោធ,1,8,1411,1-2
១២នាក់,1,6,1412,1-2
ប្រហែល៤០០,1,9,1413,1-2
បន្តុប,1,6,1414,1-2
ដោយឡែក,1,6,1415,1-2
ទ,1,1,1416,1-2
ពាក់ព័ន្ធ,1,9,1417,1-2
ការជួសជុល,1,9,1418,1-2
ចនាសម្ព័ន្ធ,1,11,1419,1-2
ការបង្ការ,1,9,1420,1-2
ចាម,1,3,1421,1-2
សវត្ស,1,5,1422,1-2
ប្រាំពីរ,1,8,1423,1-2
មុនពេល,1,6,1424,1-2
សត្រូវ,1,6,1425,1-2
សហាតិ,1,5,1426,1-2
ការគាំពារ,1,9,1427,1-2
ការកើនឡើង,1,9,1428,1-2
ការដុះ,1,6,1429,1-2
ជម្រុញ,1,6,1430,1-2
ស៊ប់,1,4,1431,1-2
ទ្រប់,1,5,1432,1-2
ស៊ីម៉ង់,1,7,1433,1-2
ការប៉ុនប៉ង,1,10,1434,1-2
ស្បាត,1,5,1435,1-2
អំបិល,1,5,1436,1-2
ជ្រៀត,1,5,1437,1-2
បំផ្លាញ,1,7,1438,1-2
ប្រែពី,1,6,1439,1-2
ធ្វើការ,1,7,1440,1-2
តាក់តែង,1,7,1441,1-2
ប្រហែល២០,1,8,1442,1-2
លក្ខ័ណ្ឌ,1,8,1443,1-2
ការប្រើ,1,7,1444,1-2
សំណឹក,1,5,1445,1-2
យ៉ាប់យ៉ឺន,1,9,1446,1-2
រន្ទឺ,1,5,1447,1-2
សុះ,1,3,1448,1-2
១៣០០ម៉ែត្រ,1,10,1449,1-2
ទិសទី,1,5,1450,1-2
លេង,1,3,1451,1-2
សូល៍,1,4,1452,1-2
ប្រែក្លាយជា,1,11,1453,1-2
តួលេខ,1,5,1454,1-2
ណែនាំ,1,5,1455,1-2
ការបាក់,1,7,1456,1-2
ប៊ិច,1,4,1457,1-2
ថ្នាក់,1,6,1458,1-2
ទប់,1,3,1459,1-2
ទ្រ,1,3,1460,1-2
ការដាក់,1,7,1461,1-2
ការសិក្សា,1,9,1462,1-2
សំបុត្រ,1,7,1463,1-2
ហាក់ដូចជា,1,9,1464,1-2
ការធ្វើឱ្យ,1,10,1465,1-2
ការបន្តុប,1,9,1466,1-2
ទេពកោសល្យ,1,9,1467,1-2
សង្ឃរាជ,1,7,1468,1-2
មហាមន្ទីរ,1,9,1469,1-2
ទុកចោល,1,6,1470,1-2
ឈាន,1,3,1471,1-2
សំឡេង,1,5,1472,1-2
ម្យ៉ាង,1,6,1473,1-2
អន់,1,3,1474,1-2
នគរបាល,1,6,1475,1-2
ជួន,1,3,1476,1-2
ណាត,1,3,1477,1-2
តូន្យូ,1,6,1478,1-2
ដា,1,2,1479,1-2
ម៉ាដឹឡេណា,1,9,1480,1-2
សង្ឃ,1,4,1481,1-2
សម្ព័ន្ធ,1,8,1482,1-2
សឺ,1,2,1483,1-2
ដែស,1,3,1484,1-2
គ្រុប,1,5,1485,1-2
ឯកជន,1,4,1486,1-2
ជួល,1,3,1487,1-2
លំហូរ,1,5,1488,1-2
បង្ក,1,4,1489,1-2
សាធារណ៍,1,7,1490,1-2
ទាំង៥,1,5,1491,1-2
តំហែ,1,4,1492,1-2
ជាយ,1,3,1493,1-2
ចំណូល,1,5,1494,1-2
ការគោរព,1,7,1495,1-2
កិច្ចការ,1,8,1496,1-2
ឧបត្ថម្ភ,1,8,1497,1-2
ជាជាង,1,5,1498,1-2
មហាវិស្ណុ,1,9,1499,1-2
កោតសរសើរ,1,8,1500,1-2
វ.,1,2,1501,1-2
វ.ស.ប,1,5,1502,1-2
គណៈកម្មាធិការ,1,13,1503,1-2
ស្រស់ស្អាត់,1,11,1504,1-2
រាល់,1,4,1505,1-2
សុវត្ថិភាព,1,10,1506,1-2
អភិវឌ្ឍន៍,1,9,1507,1-2
សមាគម,1,5,1508,1-2
អ្នកតំណាង,1,9,1509,1-2
រៀបចំ,1,5,1510,1-2
សំអុយ,1,5,1511,1-2
អាចនឹង,1,6,1512,1-2
១៦គីឡូម៉ែត្រ,1,12,1513,1-2
ការចង់,1,6,1514,1-2
ពិតប្រាកដ,1,9,1515,1-2
សង្កត់ធ្ងន់,1,11,1516,1-2
សារៈសំខាន់,1,10,1517,1-2
ការផ្ដល់,1,8,1518,1-2
ទីសំណាក់,1,8,1519,1-2
ទី១៩,1,4,1520,1-2
ផ្សព្វផ្សាយ,1,11,1521,1-2
ច្រឡំ,1,5,1522,1-2
ការរួមបញ្ចូល,1,12,1523,1-2
ភាពសម្បូរបែប,1,12,1524,1-2
ជំរុញ,1,5,1525,1-2
ហុច,1,3,1526,1-2
ជោគជ័យ,1,6,1527,1-2
ការលំហែ,1,7,1528,1-2
សុខូបត្ថម្ភ,1,11,1529,1-2
សាធារណកម្ម,1,10,1530,1-2
ប្រណិត,1,6,1531,1-2
សមត្ថភាព,1,8,1532,1-2
កំណត់ត្រា,1,9,1533,1-2
ការធ្វើដំណើរ,1,12,1534,1-2
ប្រជែង,1,6,1535,1-2
កង្វល់,1,6,1536,1-2
ទាំងអប្សរា,1,10,1537,1-2
សុឡុម៉ុន,1,8,1538,1-2
ធ្វេសប្រហែស,1,11,1539,1-2
និយ័តកម្ម,1,9,1540,1-2
សក្ដានុពល,1,9,1541,1-2
គំរាមកំហែង,1,10,1542,1-2
ការ៉្ទា,1,7,1543,1-2
អគ្គីសនី,1,8,1544,1-2
ភាពញឹកញាប់,1,10,1545,1-2
ការទាមទារ,1,9,1546,1-2
កើនឡើង,1,6,1547,1-2
ការប៉ះ,1,6,1548,1-2
តារាង,1,5,1549,1-2
ស្ថេរភាព,1,8,1550,1-2
បញ្ចេញ,1,6,1551,1-2
ការព្រួយបារម្ភ,1,14,1552,1-2
មីឆេល,1,5,1553,1-2
អ៊ែង,1,4,1554,1-2
គន្លឹះ,1,6,1555,1-2
ព្រាង,1,5,1556,1-2
មន្ត្រីរាជការ,1,13,1557,1-2
អនាគត,1,5,1558,1-2
ជែល,1,3,1559,1-2
ការលះបង់,1,8,1560,1-2
វេទិកា,1,6,1561,1-2
អាស៊ាន,1,6,1562,1-2
ភាគី,1,4,1563,1-2
យល់ស្រប,1,7,1564,1-2
បូរ៉ូប៊ូ,1,8,1565,1-2
ឌួ,1,2,1566,1-2
ឡូ—,1,3,1567,1-2
អាកាសចរណ៍,1,9,1568,1-2
អភិលេខន៍,1,8,1569,1-2
ពិចារណា,1,7,1570,1-2
ឱកាស,1,4,1571,1-2
ការហោះហើរ,1,9,1572,1-2
យោខ,1,3,1573,1-2
យ៉ាក់,1,5,1574,1-2
លិង្គ,1,5,1575,1-2
ការបោសសំអាត,1,11,1576,1-2
ពួកយើង,1,6,1577,1-2
ប៉ុនែ្ត,1,7,1578,1-2
ភាពផ្ទុយ,1,8,1579,1-2
ស្រឡះ,1,5,1580,1-2
ក្រៀមក្រំ,1,9,1581,1-2
គូលេន,1,5,1582,1-2
ទាក់ទាញ,1,7,1583,1-2
កុះករ,1,5,1584,1-2
វិមាន,1,5,1585,1-2
អនារ្យធម៌,1,9,1586,1-2
ប្រទេសជាតិ,1,10,1587,1-2
ប្រក្រតី,1,8,1588,1-2
ឆ្លៀត,1,5,1589,1-2
ធ្វើដំណើរ,1,9,1590,1-2
ប្រដាប់ប្រដា,1,12,1591,1-2
កត់ត្រា,1,7,1592,1-2
រជកាល,1,5,1593,1-2
ចំអិន,1,5,1594,1-2
ទី២គឺ,1,5,1595,1-2
អាហារ,1,5,1596,1-2
អាវុធ,1,5,1597,1-2
ឆ្មារ,1,5,1598,1-2
ត្រូវការ,1,8,1599,1-2
ឆើតឆាយ,1,6,1600,1-2
លក្ខណ៍,1,6,1601,1-2
រាប,1,3,1602,1-2
ការយក,1,5,1603,1-2
៤ជ្រុង,1,6,1604,1-2
ដូចរ៉ូម,1,7,1605,1-2
តម្កល់,1,6,1606,1-2
ចេះតែ,1,5,1607,1-2
ហ្នឹង,1,5,1608,1-2
កុំ,1,3,1609,1-2
បោក,1,3,1610,1-2
អប្សរ,1,5,1611,1-2
ស្ពាន់,1,6,1612,1-2
មគ្គុទេស,1,8,1613,1-2
ប្រវត្តិ,1,8,1614,1-2
សឹង,1,3,1615,1-2
ពិតជា,1,5,1616,1-2
ចង្អៀត,1,6,1617,1-2
លទ្ធិ,1,5,1618,1-2
ទម្លុះ,1,6,1619,1-2
រាម,1,3,1620,1-2
កេរ្តិ៏,1,7,1621,1-2
ទម្លាយ,1,6,1622,1-2
ខ្វាត់,1,6,1623,1-2
ខ្វែង,1,5,1624,1-2
ក្រឡាច,1,6,1625,1-2
ត្រង្គ,1,6,1626,1-2
អាក់ខាន,1,7,1627,1-2
បាក់,1,4,1628,1-2
សល់,1,3,1629,1-2
រដ្ឋប្បវេណី,1,11,1630,1-2
ព្រហ្មណ៍,1,8,1631,1-2
ក្រហម,1,5,1632,1-2
លំនៅដ្ឋាន,1,9,1633,1-2
ព្រះគូ្រ,1,8,1634,1-2
ផ្ទះ,1,4,1635,1-2
ស៊ីជម្ពូ,1,8,1636,1-2
អ្ហេ៎,1,5,1637,1-2
អ្នកអាន,1,7,1638,1-2
ល្លិវិល,1,7,1639,1-2
ការតាំង,1,7,1640,1-2
ឆ្មា,1,4,1641,1-2
ស្រស់,1,5,1642,1-2
រស់រវីក,1,7,1643,1-2
នឹក,1,3,1644,1-2
ក្តីង្ស័យ,1,9,1645,1-2
សិលាចារឹ,1,8,1646,1-2
ភុវតមហេស្វរៈ,1,12,1647,1-2
នព្រះឥសូរ,1,9,1648,1-2
ត្រៃភព,1,6,1649,1-2
ពេលនេះ,1,6,1650,1-2
ក្រាល,1,5,1651,1-2
ស្រស់បំព្រង,1,11,1652,1-2
ពោរពេញ,1,6,1653,1-2
ប្រភព,1,5,1654,1-2
មាត់,1,4,1655,1-2
សេចក្តីស្ងើ,1,11,1656,1-2
ចថ្វី,1,5,1657,1-2
សម្តែង,1,6,1658,1-2
ការចេះដឹង,1,9,1659,1-2
ស្ទាត់ជំនាញ,1,11,1660,1-2
បុព្វបុរស់,1,10,1661,1-2
សរសរ,1,4,1662,1-2
ច្រូង,1,5,1663,1-2
ច្រាង,1,5,1664,1-2
ស្តាយ,1,5,1665,1-2
បញ្ចង់,1,6,1666,1-2
ឆើត,1,3,1667,1-2
ឆាយ,1,3,1668,1-2
សន្ទឹក,1,6,1669,1-2
ភ្ញីវ,1,5,1670,1-2
កោះ,1,3,1671,1-2
សារពើ,1,5,1672,1-2
គំនរ,1,4,1673,1-2
រាយប៉ាយ,1,7,1674,1-2
នៅមុខ,1,5,1675,1-2
ត្រូវបាក់បែក,1,12,1676,1-2
រុក្ខជាតិ,1,9,1677,1-2
និមិ្មត,1,7,1678,1-2
វិល,1,3,1679,1-2
ក្រឡង់,1,6,1680,1-2
គយគន់,1,5,1681,1-2
ចំណែកឯ,1,6,1682,1-2
ទ្រឹង,1,5,1683,1-2
ភាំង,1,4,1684,1-2
ភ្លេច,1,5,1685,1-2
ជញ្ជក់,1,6,1686,1-2
ត្នោត,1,5,1687,1-2
រួមទាំង,1,7,1688,1-2
លោកគ្រូ,1,7,1689,1-2
ពៅ,1,2,1690,1-2
ក្សត្រិយ,1,8,1691,1-2
ព្រាហ្មណ៍,1,9,1692,1-2
ចំនេះ,1,5,1693,1-2
វិទ្យាសាស្រ្ត,1,13,1694,1-2
មុខងារ,1,6,1695,1-2
កន្លងមក,1,7,1696,1-2
សាវរ,1,4,1697,1-2
ភាពមហន្តរាយ,1,11,1698,1-2
ខូចខាត,1,6,1699,1-2
ខ្ទេច,1,5,1700,1-2
ខ្ទី,1,4,1701,1-2
កាយ,1,3,1702,1-2
បែក,1,3,1703,1-2
ទី១ផ្តើម,1,8,1704,1-2
សូរិយាវ,1,7,1705,1-2
រហូតដល់ទៅ,1,9,1706,1-2
ផ្លុវ,1,5,1707,1-2
ល័យ,1,3,1708,1-2
កត្តា,1,5,1709,1-2
ទំនាក់ទំនង,1,10,1710,1-2
សន្ទឹង,1,6,1711,1-2
ទ្រុឌ,1,5,1712,1-2
សង្វេគ,1,6,1713,1-2
ភូវន,1,4,1714,1-2
មហេស្វរៈ,1,8,1715,1-2
ម្ចាស់,1,6,1716,1-2
ការទូត,1,6,1717,1-2
K-៨៤២,1,5,1718,1-2
រួត,1,3,1719,1-2
ទី៣នេះ,1,6,1720,1-2
កសិណ,1,4,1721,1-2
ជុំ,1,3,1722,1-2
សិន,1,3,1723,1-2
ធ្លាទី២,1,7,1724,1-2
៣៨ម៉ែត្រ,1,8,1725,1-2
មែត្រ,1,5,1726,1-2
សហរដ្ឋ,1,6,1727,1-2
សាស្រ្តាចារ្យ,1,13,1728,1-2
សិវ,1,3,1729,1-2
គ្រូទី,1,6,1730,1-2
ព្រះមហាក្សត្,1,12,1731,1-2
រាយ,1,3,1732,1-2
បន្ទាត់,1,7,1733,1-2
ទ្រូង,1,5,1734,1-2
ខឿន,1,3,1735,1-2
ជាមួយគ្នា,1,9,1736,1-2
៩.,1,2,1737,1-2
៨០ម៉ែត្រ,1,8,1738,1-2
អ្នកជិតខាង,1,10,1739,1-2
មណ្ឌ,1,4,1740,1-2
ទង់ជាតិ,1,7,1741,1-2
ការដាក់បញ្ចូល,1,13,1742,1-2
សងខាងមុខ,1,8,1743,1-2
នៅសង់,1,5,1744,1-2
ដាច់,1,4,1745,1-2
ធ្លាទី,1,6,1746,1-2
៣ភ្លាម,1,6,1747,1-2
កំណែ,1,4,1748,1-2
ទស្សនៈ,1,6,1749,1-2
ការបំផ្លាញ,1,10,1750,1-2
ខ្យង,1,4,1751,1-2
ឃ្លាំង,1,6,1752,1-2
តុប,1,3,1753,1-2
ស្អាត,1,5,1754,1-2
ផ្តែរ,1,5,1755,1-2
បរិវត្ត,1,7,1756,1-2
សារមន្ទីរ,1,9,1757,1-2
ពិនិត្យ,1,7,1758,1-2
ដំណើរការ,1,8,1759,1-2
BSCPរៀបចំ,1,9,1760,1-2
រាប់ពី,1,6,1761,1-2
២៣.,1,3,1762,1-2
៥០ម៉ែត្រ,1,8,1763,1-2
បន្ទាប់បន្សំ,1,12,1764,1-2
ខ្រើន,1,5,1765,1-2
បាត់បង់,1,7,1766,1-2
ការទ្រុឌទ្រោម,1,13,1767,1-2
នយោបាយ,1,6,1768,1-2
រើ,1,2,1769,1-2
បង្គោល,1,6,1770,1-2
សសសរ,1,4,1771,1-2
មានអាគារ,1,8,1772,1-2
ផលិតកម្ម,1,8,1773,1-2
គ្រាន់តែ,1,8,1774,1-2
ការស្មាន,1,8,1775,1-2
នៅធ្លា,1,6,1776,1-2
វត្ថិ,1,5,1777,1-2
ប្រហាក់ប្រហែល,1,13,1778,1-2
ពិព័ណ,1,5,1779,1-2
សម្រេចចិត្ត,1,11,1780,1-2
ស្រឡៅ,1,5,1781,1-2
ត្រពាំង,1,7,1782,1-2
បំណែក,1,5,1783,1-2
បញ្ចាំង,1,7,1784,1-2
ឆ្មាំ,1,5,1785,1-2
ព្រះប្រមុខរដ្ឋ,1,14,1786,1-2
សង,1,2,1787,1-2
តម្រៀប,1,6,1788,1-2
លាយ,1,3,1789,1-2
យូរ,1,3,1790,1-2
ទាល់តែ,1,6,1791,1-2
នរោត្តម,1,7,1792,1-2
រាលដាល,1,6,1793,1-2
សីហនុ,1,5,1794,1-2
កំណាយ,1,5,1795,1-2
ទិន្នន័យ,1,8,1796,1-2
បង្ហូរ,1,6,1797,1-2
ម៉ាខ់,1,5,1798,1-2
ពាក់កណ្តាល,1,10,1799,1-2
ងាក,1,3,1800,1-2
ហាក់,1,4,1801,1-2
ការដ្ឋាន,1,8,1802,1-2
ពិសោធន៍,1,7,1803,1-2
សីរវាង,1,6,1804,1-2
អនុវត្តន៍,1,9,1805,1-2
ទីនោះ,1,5,1806,1-2
មរតក,1,4,1807,1-2
អាណាព្យាបាល,1,11,1808,1-2
ពីក្រោម,1,7,1809,1-2
ឆ្ការ,1,5,1810,1-2
ស្តារ,1,5,1811,1-2
ជួសជុល,1,6,1812,1-2
សីហា,1,4,1813,1-2
ប្រទះ,1,5,1814,1-2
លំហ,1,3,1815,1-2
ទូលំទូលាយ,1,9,1816,1-2
ធ្ចើ,1,4,1817,1-2
ពូកែ,1,4,1818,1-2
បិទបាំង,1,7,1819,1-2
លំណៅ,1,4,1820,1-2
ទូទៅ,1,4,1821,1-2
រាប់បញ្ចូល,1,10,1822,1-2
លុកលុយ,1,6,1823,1-2
នៅសល់,1,5,1824,1-2
ត្រួតត្រា,1,9,1825,1-2
កំណើត,1,5,1826,1-2
ងាយស្រួល,1,8,1827,1-2
សុក្រឹត,1,7,1828,1-2
កាលណា,1,5,1829,1-2
កោង,1,3,1830,1-2
អង្សា,1,5,1831,1-2
ញាតបញ្ចូល,1,9,1832,1-2
ចម្រឹង,1,6,1833,1-2
ញី,1,2,1834,1-2
ឈ្មោល,1,5,1835,1-2
ក្រឡឹង,1,6,1836,1-2
ច,1,1,1837,1-2
ម្រឹង,1,5,1838,1-2
ជះ,1,2,1839,1-2
ច្បាស់,1,6,1840,1-2
ការអនុវត្ថន៍,1,12,1841,1-2
យ៉ខ្លោងទ្វារ,1,12,1842,1-2
វត្ថុធាតុ,1,9,1843,1-2
ចាប,1,3,1844,1-2
១៤មក,1,4,1845,1-2
ដណ្តប់,1,6,1846,1-2
ឧទ្យាន,1,6,1847,1-2
យល,1,2,1848,1-2
អាទិ៍,1,5,1849,1-2
បេង,1,3,1850,1-2
សមាសភាព,1,7,1851,1-2
លម្អិត,1,6,1852,1-2
វិកិណ្ណដ្ឋាន,1,12,1853,1-2
ស្រទាប,1,6,1854,1-2
កម្រាស់,1,7,1855,1-2
២០ម៉ែត្រ,1,8,1856,1-2
អន្លុង,1,6,1857,1-2
នាំឱ្យ,1,6,1858,1-2
អនុវត្ថន៍,1,9,1859,1-2
១២គ្រោង,1,7,1860,1-2
បង្គុំ,1,6,1861,1-2
មុំ,1,3,1862,1-2
បង្អាញ,1,6,1863,1-2
មករា,1,4,1864,1-2
ជំនះ,1,4,1865,1-2
កងទ័ព,1,5,1866,1-2
លើកងទ័ព,1,7,1867,1-2
ផ្ទុះ,1,5,1868,1-2
ដ៍,1,2,1869,1-2
ប្រែក្លាយ,1,9,1870,1-2
រូបរាង,1,6,1871,1-2
ភោជនីយដ្ឋាន,1,11,1872,1-2
ហាង,1,3,1873,1-2
ថស្រុង,1,6,1874,1-2
ការចម្លង,1,8,1875,1-2
ចំណេញ,1,5,1876,1-2
ចចាមអារ៉ាម,1,10,1877,1-2
ធេង,1,3,1878,1-2
១០មែ៉ត្រ,1,8,1879,1-2
ពោល,1,3,1880,1-2
៣គីឡូម៉ែត្រ,1,11,1881,1-2
បាយក្រៀម,1,8,1882,1-2
នៅក្រោម,1,7,1883,1-2
ម៉ានិច,1,6,1884,1-2
ជុម,1,3,1885,1-2
សៃ,1,2,1886,1-2
ទទួលបាន,1,7,1887,1-2
ឯករាជ្យ,1,7,1888,1-2
វិច្ឆិកា,1,8,1889,1-2
ម្ភាន,1,5,1890,1-2
មហិទ្ធិ,1,7,1891,1-2
ប្ញទ្ធិ,1,7,1892,1-2
បង្រួបបង្រួម,1,12,1893,1-2
ការអះអាង,1,8,1894,1-2
លក់,1,3,1895,1-2
ទំនិញ,1,5,1896,1-2
វៀតណាម,1,6,1897,1-2
បាខែង,1,5,1898,1-2
បក្សី,1,5,1899,1-2
ចាំ,1,3,1900,1-2
ភិមាន,1,5,1901,1-2
អាកាស,1,5,1902,1-2
ព្រហ្ម,1,6,1903,1-2
ការលុកលុយ,1,9,1904,1-2
ដង,1,2,1905,1-2
ទីបំផុត,1,7,1906,1-2
គួរ,1,3,1907,1-2
ប្តូរ,1,5,1908,1-2
"៥,៥គ.ម",1,6,1909,1-2
ឧដុង្គ,1,6,1910,1-2
ត្រលប់,1,6,1911,1-2
១២ម៉ែត្រ,1,8,1912,1-2
បទេស,1,4,1913,1-2
ចា,1,2,1914,1-2
ក្លឹន,1,5,1915,1-2
មូហូ,1,4,1916,1-2
ហើយក៏,1,5,1917,1-2
តំបន,1,4,1918,1-2
សម្បូរណ៍,1,8,1919,1-2
ពពួក,1,4,1920,1-2
ទាំងពួង,1,7,1921,1-2
អត្រា,1,5,1922,1-2
"៩២០,",1,4,1923,1-2
១២៣នាក់,1,7,1924,1-2
"១៩៧,",1,4,1925,1-2
៣០១នាក់,1,7,1926,1-2
ផ្ទៃក្រឡា,1,9,1927,1-2
"១០,",1,3,1928,1-2
២៩៩គីឡូម៉ែត្រ,1,13,1929,1-2
សង្កាត់,1,7,1930,1-2
ផ្លាស់,1,6,1931,1-2
ខឹន,1,3,1932,1-2
ន្ឌី,1,4,1933,1-2
ក្ដី,1,4,1934,1-2
ពោធិ៍សាត់,1,9,1935,1-2
ស្រមៃ,1,5,1936,1-2
ពំ្រប្រទល់,1,10,1937,1-2
កំពង់ធំ,1,7,1938,1-2
លោកស្រី,1,7,1939,1-2
ឧត្តរមានជ័យ,1,11,1940,1-2
ព្រំប្រទល់,1,10,1941,1-2
ជីក្រែង,1,7,1942,1-2
សូត្រ,1,5,1943,1-2
និគម,1,4,1944,1-2
បាគង,1,4,1945,1-2
ក្រឡាញ់,1,7,1946,1-2
ស្រប,1,4,1947,1-2
ភូមិសាស្ត្រ,1,11,1948,1-2
សីតុណ្ហភាព,1,10,1949,1-2
ការហួត,1,6,1950,1-2
កុប្បកម្ម,1,9,1951,1-2
សំនើម,1,5,1952,1-2
ភាពរាំងស្ងួត,1,12,1953,1-2
ប្រណីត,1,6,1954,1-2
បែងចែក,1,6,1955,1-2
១៨ឃុំ,1,5,1956,1-2
សំបូរ,1,5,1957,1-2
សណ្ឋាន,1,6,1958,1-2
ទូល,1,3,1959,1-2
ខ្វះខាត,1,7,1960,1-2
ជួបប្រទះ,1,8,1961,1-2
គ្រោះ,1,5,1962,1-2
រាំងស្ងួត,1,9,1963,1-2
ញឹកញាប់,1,7,1964,1-2
ទាល់តែសោះ,1,9,1965,1-2
ខ្ចរ,1,4,1966,1-2
ល្វឹងល្វើយ,1,10,1967,1-2
លំនៅឋាន,1,7,1968,1-2
ទំនាប,1,5,1969,1-2
ជលវេគ,1,5,1970,1-2
ខ្ចាយ,1,5,1971,1-2
សម្ដែង,1,6,1972,1-2
ស្ងួត,1,5,1973,1-2
ហួត,1,3,1974,1-2
ផ្ទៃក្រលា,1,9,1975,1-2
១២.០១៥,1,6,1976,1-2
គ.ម២,1,4,1977,1-2
១២ក្រុង,1,7,1978,1-2
៧៣៣.,1,4,1979,1-2
"៦,០៩%",1,5,1980,1-2
ល្ខោន,1,5,1981,1-2
ភាពខុស,1,6,1982,1-2
ពោលគឺ៖,1,6,1983,1-2
ក,1,1,1984,1-2
ស្រូវ,1,5,1985,1-2
ចំការ,1,5,1986,1-2
អនុផល,1,5,1987,1-2
ខ.,1,2,1988,1-2
ក្រឡា,1,5,1989,1-2
ប្រកប,1,5,1990,1-2
ហិចតា,1,5,1991,1-2
ងារ,1,3,1992,1-2
ចរិត,1,4,1993,1-2
បច្ឆាម,1,6,1994,1-2
រណៈ,1,3,1995,1-2
កសិកម្ម,1,7,1996,1-2
អាជីព,1,5,1997,1-2
១៨%,1,3,1998,1-2
១២%,1,3,1999,1-2
បុគ្គលិក,1,8,2000,1-2
ប្រវត្តិសាស្ដ្រ,1,15,2001,1-2
៩ដល់,1,4,2002,1-2
១៣។,1,3,2003,1-2
ស្ថាបនិក,1,8,2004,1-2
អត្តបទ,1,6,2005,1-2
ស្អេកស្កះ,1,9,2006,1-2
តំរៀប,1,5,2007,1-2
ទឺក,1,3,2008,1-2
សិលា,1,4,2009,1-2
គ្របដណ្តប់,1,10,2010,1-2
ក្រលា,1,5,2011,1-2
ទី១៣,1,4,2012,1-2
ឈប់ឈរ,1,5,2013,1-2
ប្រកាន់,1,7,2014,1-2
រឹក,1,3,2015,1-2
ពីរ៉ាមីត,1,8,2016,1-2
ព្រះចៅ,1,6,2017,1-2
ផារ៉ា,1,5,2018,1-2
អុង,1,3,2019,1-2
អេហ្សីប,1,7,2020,1-2
កំលាំង,1,6,2021,1-2
ទាសករ,1,5,2022,1-2
ការប៉ាន់ស្មាន,1,13,2023,1-2
៧៥០.០០០,1,7,2024,1-2
បន្តិចបន្តួច,1,12,2025,1-2
រស់ន,1,4,2026,1-2
ប្រាកដជា,1,8,2027,1-2
អ្នកដំនើរ,1,9,2028,1-2
ចង់ចាំ,1,6,2029,1-2
ស្ចឹម,1,5,2030,1-2
សំលឹង,1,5,2031,1-2
ភាពអស្ចារ្យ,1,11,2032,1-2
ការរកឃើញ,1,8,2033,1-2
អ្នកភូមិសាស្ដ្រ,1,15,2034,1-2
មូហូត,1,5,2035,1-2
តំកល់ទុក,1,8,2036,1-2
នាទីក្រុង,1,9,2037,1-2
ក្រាយ,1,5,2038,1-2
មរណភាព,1,6,2039,1-2
បេសកកម្ម,1,8,2040,1-2
កាប់ឆ្ការ,1,9,2041,1-2
សំអាត,1,5,2042,1-2
ប្រគល់,1,6,2043,1-2
វិសេស,1,5,2044,1-2
កំនត់,1,5,2045,1-2
អ្នកទស្សនា,1,10,2046,1-2
អនុញ្ញាតឱ្យ,1,11,2047,1-2
ការបន្ត,1,7,2048,1-2
ដំនើរទស្សនា,1,11,2049,1-2
ដួលរលំ,1,6,2050,1-2
អនុញ្ញាតិ,1,9,2051,1-2
សំរ៉ែ,1,5,2052,1-2
ប្រវត្តិវិទ្យា,1,14,2053,1-2
វូត,1,3,2054,1-2
ខែ្ម,1,4,2055,1-2
កេ្មង,1,5,2056,1-2
ពោធិ,1,4,2057,1-2
គោក,1,3,2058,1-2
សៀន,1,3,2059,1-2
សង្គមកិច្ច,1,10,2060,1-2
សង្គម,1,5,2061,1-2
ការវិវឌ្ឍន៍,1,11,2062,1-2
វិជ្ជមាន,1,8,2063,1-2
នគរូបនីយកម្ម,1,12,2064,1-2
ដូច្នោះ,1,7,2065,1-2
ជនខែ្មរ,1,7,2066,1-2
វស្សា,1,5,2067,1-2
ការជ្រើសរើស,1,11,2068,1-2
ផេ្សង,1,5,2069,1-2
ការសាងសង់,1,9,2070,1-2
ចន្រ្ទ,1,6,2071,1-2
បនែ្ថម,1,6,2072,1-2
ឆ្នា,1,4,2073,1-2
បរិយាកា,1,7,2074,1-2
ផែ្អក,1,5,2075,1-2
៩ម៉ែត្រ,1,7,2076,1-2
ការបន្សំ,1,8,2077,1-2
សំអាង,1,5,2078,1-2
ព្រឹត្តិការណ៍,1,13,2079,1-2
គួរឲ្យ,1,6,2080,1-2
ជាខ្លាំង,1,8,2081,1-2
ចេនឡា,1,5,2082,1-2
គត់,1,3,2083,1-2
សិ្ថត,1,5,2084,1-2
បុរោហិត,1,7,2085,1-2
ព្រាហ្ម,1,7,2086,1-2
