position,token,token_length,frequency
0,ប្រាសាទអង្គរវត្ត,16,6
1,ឬប្រាសាទអង្គរតូចមានទីតាំងស្ថិតនៅភាគខាងជើងនៃក្រុងសៀមរាបនៃខេត្តសៀមរាប។,68,1
2,ប្រាសាទអង្គរវត្តជាប្រាសាទព្រហ្មញ្ញសាសនាធំបំផុត,46,1
3,និងជាវិមានសាសនាដ៏ធំបំផុតនៅក្នុងលោក។,35,1
4,ប្រាសាទនេះត្រូវបានកសាងឡើងដោយព្រះបាទសូរ្យវរ្ម័នទី,48,1
5,២,1,20
6,ដែលជាស្នាដៃដ៏ធំអស្ចារ្យ,23,1
7,និងមានឈ្មោះល្បីល្បាញរន្ទឺសុះសាយទៅគ្រប់ទិសទីលើពិភពលោក។,53,1
8,ប្រាសាទនេះសាងសង់ឡើងនៅដើមសតវត្សទី,32,1
9,១២,2,13
10,ដែលស្ថិតនៅក្នុងរាជធានី,22,1
11,។,1,68
12,តាមវចនានុក្រមគឺវាបានមកពី,24,1
13,នគរវត្ត,7,1
14,ជាឈ្មោះប្រាសាទបុរាណមួយកន្លែងនៅក្នុងខេត្តសៀមរាប,46,1
15,ជាមហាមន្ទីររុងរឿងដោយលំអគ្មានពីរ,31,1
16,ហៅក្លាយមកជាអង្គរវត្ត,20,1
17,។,1,68
18,ពាក្យ,5,2
19,នគរនេះច្រើនតែមានសំឡេងក្លាយឃ្លាតជាអង្គរដូច្នេះឯង,47,1
20,ដូចជានគរបាល,11,1
21,នគរបុរី,7,1
22,នគរយមរាជ,8,1
23,នគរវត្តក្លាយជាអង្គរបាល,22,1
24,អង្គរបុរី,9,1
25,អង្គរជមរាជ,10,1
26,អង្គរត្តជាដើម។,14,1
27,ប្រាសាទអង្គរវត្តមានឈ្មោះដើមថា,29,2
28,បរមវិស្ណុលោក,12,4
29,។,1,68
30,ការវិវត្តនៃឈ្មោះ,16,1
31,អង្គរវត្ត,9,4
32,នេះអាចត្រូវបានគេយកមកប្រើតាមប្រវត្តិសាស្ត្រ។,43,1
33,តាមសិលាចារឹកនៅសតវត្សទី,22,1
34,១៦,2,7
35,បញ្ជាក់ថា,9,1
36,ឈ្មោះប្រាសាទអង្គរវត្តគឺ,23,1
37,ព្រះមហានគរឥន្ទ្រប្រ័ស្ថព្រះពិស្ណុលោក។,37,1
38,ពាក្យ,5,2
39,ឥន្ទ្រប្រ័ស្ថ,13,2
40,មានន័យថា,8,2
41,ទីក្រុងរបស់ព្រះឥន្ទ្រ,21,1
42,។,1,68
43,មួយចំណែកទៀតនៅសតវត្សរ៍ទី,23,1
44,១៧,2,2
45,ត្រូវបានគេហៅថា,14,1
46,ឥន្ទបត្តម្ភានគរស្រីសុធរវពិស្ណុលោក។,34,1
47,បើតាមវចនានុក្រមសម្តេចសង្ឃរាជ,28,1
48,ជួន,3,1
49,ណាតពាក្ថាយ,10,1
50,ឥន្ទបត្ត,8,2
51,ឬ,1,3
52,ឥន្ទ្រប្រ័ស្ថ,13,2
53,នេះមានសេចក្ដីពន្យល់ដូចតទៅ៖,26,1
54,ឈ្មោះក្រុងមួយក្នុងប្រទេសឥណ្ឌាសម័យត្រង់កន្លែងក្រុងទេល្ហីសព្វថ្ងៃនេះ។,67,1
55,ប្រជាជនខ្មែរ,12,1
56,សម័យមហានគរ,10,1
57,ប្រើពាក្យនេះជាវិសេសនាមឬជាគោរមនៃក្រុមមហានគរ,42,1
58,ច្រើនប្រើក្នុងព្រះបរមរាជសាសន៍,29,1
59,ឬព្រះបរមរាជឱង្ការ,17,1
60,ថា,2,1
61,ព្រះបាទសម្តេចព្រះរាជឱង្ការបរមបពិត្រកម្ពុជាធិបតីស្រីឥន្រ្ទប្រ័ស្ថបុរីរ័ត្នរាជធានី,80,1
62,ប្រើពាក្យនេះតាំងអំពីបានព្រះខ័នរាជ្យ,35,1
63,ដែលមានសេចក្ដីតំណាលថា,20,1
64,ព្រះឥន្រ្ទយកមកប្រទានទុកជាកេរ្តិ៍ជាសស្រ្តាដ៏វិសេសសម្រាប់កម្ពុជារដ្ឋ។,67,1
65,ចំពោះប្រជាជនខ្មែរជាពិសេសអ្នករស់នៅខេត្តសៀមរាបច្រើននិយមហៅឈ្មោះរួមមួយថា,68,1
66,អង្គរតូច។,9,2
67,ទោះបីជាយ៉ាងណាក៏ដោយ,18,2
68,អ្នកនិពន្ធនៅលើពិភពលោកទាំងអស់បានកំណត់ហៅឈ្មោះរួមមួយថា,51,1
69,អង្គរវត្ត,9,4
70,រហូតមកដល់បច្ចុប្បន្ន។,21,1
71,ឈ្មោះសម័យថ្មី,13,1
72,អង្គរវត្តមានន័យថា,17,1
73,ទីក្រុងវត្ត,11,1
74,ក្នុងភាសាខ្មែរ,14,1
75,អង្គរមានន័យថា,13,1
76,ទីក្រុង,7,1
77,រឺ,2,13
78,ទីក្រុងធានី,11,1
79,ជាទម្រង់ប្រាក្រឹតនៃពាក្យ,24,1
80,នគរ,3,1
81,ដែលមកពីពាក្យភាសាសំស្ក្រឹត,25,1
82,nagara,6,1
83,नगर,3,1
84,។,1,68
85,វត្តគឺជាពាក្យខ្មែរសម្រាប់,25,1
86,ទេវាល័យលើដី,11,1
87,បានមកពីពាក្យបាលី,16,1
88,vatta,5,1
89,वत्त,4,1
90,។,1,68
91,មុនពេលនេះ,9,1
92,ប្រាសាទនេះត្រូវបានគេស្គាល់ថាជា,30,1
93,បរមវិស្ណុលោក,12,4
94,Parama,6,1
95,Vishnuloka,10,1
96,ជាភាសាសំស្ក្រឹត,15,1
97,បន្ទាប់ពីងារបច្ឆាមរណៈនៃស្ថាបនិកនៃប្រាសាទ។,41,1
98,។,1,68
99,អត្តបទសិលារឹកនគរវត្តភាគច្រើនបង្ហាញថា,36,1
100,អ្នកស្រុកនៅចង់ចាំបាននៅឡើយនៅឈ្មោះដើមរបស់ប្រាសាទនេះ,49,1
101,ដោយគេហៅថាស្ថានព្រះវិស្ណុលោក,27,1
102,ឬមហាវិស្ណុលោក។,14,1
103,ឈ្មោះនេះមានន័យមិនខុសពីឈ្មោះដើមថា,32,1
104,បរមវិស្ណុលោកនោះទេ។,18,1
105,ប្រាសាទអង្គរវត្តបានសាងសង់,25,1
106,នៅដើមសតវត្សរ៍ទី,15,1
107,១២,2,13
108,ដោយព្រះបាទសូរ្យវរ្ម័នទី,23,1
109,២,1,20
110,ខ្លះសរសេរ,9,1
111,ព្រះបាទសូរិយាវរ្ម័នទី,21,1
112,២,1,20
113,១១១៣,4,2
114,១១៥០,4,2
115,ដើម្បីឧទ្ទិសថ្វាយព្រះវិស្ណុ,27,1
116,ក្នុងព្រហ្មញ្ញសាសនា។,20,1
117,ក្នុងនោះផងដែរ,13,1
118,ប្រាសាទនេះមានលក្ខណៈល្អវិចិត្រ,29,1
119,និងបង្ហាញនូវសិល្បៈខ្មែរដ៏អស្ចារ្យដល់កំពូល,41,1
120,។,1,68
121,បើតាមលោកហ្សក,12,1
122,សឺដែស,5,1
123,ប្រាសាទអង្គរវត្តគឺតំណាងឲ្យពិភពលោក។,34,1
124,ប្រាង្គកណ្តាលតំណាងឲ្យភ្នំព្រះសុមេរុដែលស្ថិតនៅកណ្តាលពិភពលោក។,59,1
125,ប្រាង្គទាំង,11,1
126,៥,1,8
127,តំណាងឲ្យកំពូលភ្នំព្រះសុមេរុដែលជាជាយផែនដី,40,1
128,និងគូទឹកព័ទ្ធជុំវិញប្រាសាទគឺ,28,1
129,ជាសមុទ្រដែលព័ទ្ធជុំវិញ។,23,1
130,ប្រាសាទអង្គរវត្តមានឈ្មោះដើមថា,29,2
131,ប្រាសាទបរមវិស្ណុលោក។,20,1
132,ប៉ុន្តែការវិវត្តនៃឈ្មោះអង្គរវត្តនេះ,35,1
133,អាចត្រូវបានគេយកតាមប្រវត្តិសាស្រ្ត។,34,1
134,ស្លាកស្នាមដំបូងគឺ,17,1
135,មាននៅសតវត្សរ៍ទី,15,1
136,១៦,2,7
137,។,1,68
138,ជាការពិតណាស់ប្រាសាទនេះបាន,25,1
139,ក្លាយទៅជា,9,1
140,កន្លែងពុទ្ធសាសនាដ៏ល្បីល្បាញមួយ។,31,1
141,តាមសិលាចារឹកនៅសតវត្សរ៍ទី,24,1
142,១៦,2,7
143,ឈ្មោះនៃប្រាសាទអង្គរវត្តគឺ,25,1
144,ព្រះមហានគរឥន្រ្ទប្រត្ថព្រះពិស្ណុលោក,35,1
145,ឥន្រ្ទប្រត្ថ,12,1
146,ជាភាសាសំស្រ្កឹត,15,1
147,ហើយបានក្លាយទៅជាភាសាបាលី,23,1
148,ឥន្ទបត្ត,8,2
149,បញ្ជាក់ទៅលើការឆ្លងពីព្រហ្មញ្ញសាសនា,34,1
150,ទៅព្រះពុទ្ធសាសនាហីនយាន។,23,1
151,ពាក្យឥន្រ្ទប្រត្ថ,17,1
152,មានន័យថា,8,2
153,ទីក្រុងរបស់ព្រះឥន្ទ,19,1
154,។,1,68
155,ក្នុងព្រហ្មញ្ញសាសនា,19,1
156,គេជឿថាព្រះឥន្ទមានទីកន្លែងនៅលើដី។,32,1
157,ពាក្យនេះជាកន្លែងសម្រាប់,23,1
158,គោរពបូជា។,9,1
159,ឧទាហរណ៍ដូចជា,12,1
160,វត្តទាំងពីរនៅក្នុង,18,1
161,ប្រាសាទអង្គរវត្តមានឈ្មោះថា,26,1
162,ឥន្ទបត្តបុរីខាងត្បូង,20,1
163,និង,3,44
164,ឥន្ទបត្តបុរីខាងជើង,18,1
165,។,1,68
166,ការហៅទៅលើឈ្មោះថា,16,1
167,ពិស្ណុលោក,9,1
168,គឺសម្រាប់រំលឹកទៅដល់,19,1
169,មរណៈនាមរបស់ស្តេច,16,1
170,ដែលបានកសាងប្រាសាទនេះ,20,1
171,គឺ,2,3
172,បរមវិស្ណុលោក,12,4
173,រីឯ,3,1
174,ស្រីសុធរ,8,1
175,ជាការហៅដើម្បីរំលឹកឡើងវិញ,24,1
176,ទៅលើឈ្មោះទីក្រុងចាស់នៅអង្គរ,27,1
177,ឈ្មោះថា,7,1
178,ស្រីយសោធរបុរៈ,13,1
179,។,1,68
180,ហើយមួយចំណែកទៀតនៅសតវត្យរ៍ទី,26,1
181,១៧,2,2
182,ហៅថាឥន្ទបត្តម្ភានគរ,19,1
183,ស្រីសុធរវពិស្ណុលោក,18,1
184,។,1,68
185,ចំណែកឈ្មោះថាអង្គរវត្ត,21,1
186,គឺជាឈ្មោះសាមញ្ញសម្រាប់កំណត់បូជនីយដ្ឋាននេះ។,42,1
187,ចំពោះប្រជាជនខ្មែរ,17,1
188,ពិសេសអ្នករស់នៅខេត្តសៀមរាប,25,1
189,ច្រើនហៅឈ្មោះរួមមួយគឺ,20,1
190,អង្គរតូច។,9,2
191,ទោះបីជាយ៉ាងណាក៏ដោយ,18,2
192,អ្នកនិពន្ធអឺរ៉ុប,16,1
193,ទាំងអស់បានកំណត់ហៅឈ្មោះរួមមួយគឺអង្គរវត្តដែរ។ប្រាសាទអង្គរវត្តត្រូវបានបញ្ចូលទៅក្នុងបញ្ជីបេតិកភណ្ឌពិភពលោករបស់អង្គការយូណេស្កូ,120,1
194,នៅឆ្នាំ,7,6
195,១៩៩២,4,3
196,។,1,68
197,ប្រាសាទអង្គរវត្តត្រូវបានរកឃើញឡើងវិញដោយ,38,1
198,ធម្មជាតិវិទូបារាំងលោក,21,1
199,អង់ហ៊្រី,8,2
200,មូហ៊ត,5,2
201,Henri,5,3
202,Mouhot,6,3
203,នៅឆ្នាំ,7,6
204,១៨៦០,4,3
205,។,1,68
206,ព្រះបាទសូរ្យវរ្ម័នទី,20,1
207,២,1,20
208,អ្នកកសាងអង្គរវត្ត,17,1
209,អង្គរវត្តសណ្ដូកទៅភាគខាងជើង,26,1
210,5,1,2
211,5,1,2
212,kiloម៉ែត្រs,11,1
213,3,1,3
214,4,1,2
215,mi,2,1
216,នៃទីប្រជុំជនសម័យទំនើបសៀមរាប,27,1
217,និងទិសខាងត្បូងចម្ងាយខ្លី,24,1
218,និងខាងកើតបន្តិចនៃរាជធានីពីមុននេះ,32,1
219,ដែលស្ថិតនៅបាពួន។,16,1
220,វាគឺជាតំបន់របស់កម្ពុជាមួយ,25,1
221,ដែលមានក្រុមរចនាសម្ព័ន្ធសំណង់សំខាន់ៗ។,36,1
222,ស្ថិតនៅខាងត្បូងបំផុតនៃស្ថានីយសំខាន់ៗរបស់អង្គរ។ការរចនាដើមដំបូង,61,1
223,និងសំណង់ប្រាសាទបានធ្វើឡើងនៅពាក់កណ្ដាលទីមួយនៃសតវត្សទី,52,1
224,១២,2,13
225,កំឡុងរជ្ជកាលព្រះសូរ្យវរ្ម័នទី,29,1
226,២,1,20
227,បានសោយរាជ្យ,11,1
228,១១១៣,4,2
229,រ,1,1
230,១១៥០,4,2
231,។,1,68
232,ឧទ្ទិសដល់ព្រះវិស្ណុ,19,1
233,ត្រូវបានសាងឡើងជាប្រាសាទភាវៈតំណាងព្រះមហាក្សត្រនិងទីក្រុងរាជធានី។,63,1
234,មិនថាសិលាចារឹកការស្ថាបនា,24,1
235,រឺក៏អក្សរចារឹកសហសម័យមួយណាដែលបញ្ជាក់អំពីប្រាសាទនេះត្រូវបានគេរកឃើញទេ,66,1
236,ឈ្មោះដើមរបស់ប្រាសាទមិនត្រូវបានគេស្គាល់,38,1
237,ប៉ុន្តែវាប្រហែលជាត្រូវបានស្គាល់ថាជា,35,1
238,បរមវិស្ណុលោក,12,4
239,ន័យចំ,5,1
240,ស្ថានព្រះវិស្ណុដ៏ពិសិដ្ឋ,24,1
241,ខ្មែរបុរាណ,10,1
242,អះ,2,1
243,សំស្ក្រឹត,9,1
244,បន្ទាប់ពីទេវៈជាប្រមុខ។,22,1
245,ការដំណើរការហាក់បីដូចបញ្ចប់មួយរយៈពេលខ្លី,39,1
246,ក្រោយការសោយទីវង្គតរបស់ព្រះមហាក្សត្រ,35,1
247,ដែលបន្សល់ទុកខ្លះនូវការតុបតែងលំអចម្លាក់លៀនស្រាលៗមិនទាន់បានបញ្ចប់។,64,1
248,នៅឆ្នាំ,7,6
249,១១៧៧,4,1
250,ប្រហែលជា,8,1
251,២៧,2,2
252,ឆ្នាំបន្ទាប់ពីការសោយទីវង្គតរបស់ព្រះសូរ្យវរ្ម័នទី,48,1
253,២,1,20
254,អង្គរត្រូវបានលួចប្លន់បំផ្លិចបំផ្លាញដោយពួកចាម,44,1
255,សត្រូវជាប្រពៃណីរបស់ខ្មែរ។,25,1
256,ក្រោយមក,7,1
257,ចក្រភពនេះត្រូវបានស្ដារដោយព្រះមហាក្សត្រថ្មី,42,1
258,ជ័យវរ្ម័នទី,11,1
259,៧,1,3
260,ដែលបានស្ថាបនារាជធានីថ្មីនិងប្រាសាទភាវៈតំណាង,43,1
261,អង្គរធំ,7,1
262,និងបាយ័នរៀងៗគ្នា,16,1
263,ពីរបីសហាតិមាត្រទៅទិសខាងជើងនេះ។,30,1
264,នៅចុងសតវត្សទី,13,1
265,១៣,2,6
266,អង្គរវត្តបន្តិចម្ដងៗបានប្រែពីការប្រើជាប្រយោជន៍ព្រហ្មញ្ញសាសនាទៅជាប្រយោជន៍ពុទ្ធសាសនាថេរវាទ,88,1
267,ដែលបន្តមកដល់សម័យបច្ចុប្បន្ននេះ។,31,1
268,អង្គរវត្តគឺមិនធម្មតាចំណោមប្រាសាទសម័យអង្គរនានាក្នុងនោះ,53,1
269,ទោះបីជាវាគឺជាអ្វីមួយត្រូវបានគេទុកចោលបន្ទាប់ពីសតវត្សទី,53,1
270,១៦,2,7
271,ប្រាសាទនេះមិនដែលត្រូវបានគេបោះបង់ចោលទាំងស្រុងឡើយ,47,1
272,ការការពាររបស់ប្រាសាទកំពុងឈានមកដល់,33,1
273,ម្យ៉ាងដោយការពិតថាគូទឹករបស់វាក៏បានផ្ដល់ការគាំពារខ្លះពីការដុះស៊ប់ទ្រប់ដោយព្រៃស្បាតផងដែរ។,86,1
274,ម្នាក់ក្នុងចំណោមពួកអ្នកទេសចរណ៍លោកខាងលិចទៅកាន់ប្រាសាទនេះគឺ,57,1
275,អន់តូន្យូ,9,1
276,ដា,2,1
277,ម៉ាដឹឡេណា,9,1
278,សង្ឃជាតិព័រទុយហ្គាល់មួយអង្គ,27,1
279,ដែលបានទៅលេងនៅឆ្នាំ,18,1
280,១៥៨៦,4,1
281,និងបាននិយាយថាវា,15,1
282,គឺដូចជាសំណង់មិនធម្មតាដែលមិនអាចពិពណ៌នាវាជាមួយប៊ិចបាន,51,1
283,ជាពិសេស,7,1
284,ដោយហេតុថាវាហាក់ដូចជាគ្មានសំណង់ផ្សេងណាដូចនៅក្នុងលោក។,51,1
285,វាមានប្រាង្គច្រើននិងការតុបតែង,29,1
286,ហើយការធ្វើឱ្យល្អឡើងទាំងអស់ដែលទេពកោសល្យមនុស្សអាចនឹងគិតដល់។,57,1
287,នៅពាក់កណ្ដាលសតវត្សទី,20,1
288,១៩,2,2
289,ប្រាសាទនេះត្រូវបានទៅទស្សនាដោយធម្មជាតិវិទូ,41,1
290,និងអ្នករុករកជាតិបារាំង,22,1
291,អង់ហ៊្រី,8,2
292,មូហ៊ត,5,2
293,ដែលបានផ្សព្វផ្សាយដោយប្រជាជននូវស្ថានីយនេះនៅភាគខាងលិចតាមរយៈសាធារណកម្មនៃកំណត់ត្រាការធ្វើដំណើរ,90,1
294,នៅក្នុងអ្វីដែលលោកបានសរសេរ,25,1
295,មួយក្នុងចំណោមប្រាសាទទាំងនេះ,27,1
296,ជាគូប្រជែងទៅនឹងរបស់សុឡុម៉ុន,27,1
297,និងសាងឡើងដោយមីឆេលអ៊ែងជែលឡូ,26,1
298,ដែលចូលរួមជាកន្លែងកិត្តិយសមួយនៅក្បែរសំណង់ដ៏ស្រស់ស្អាត់បំផុតរបស់យើង។,66,1
299,ប្រាសាទនេះធំជាងរាល់សំណង់ដែលបានបន្សល់ទុកអោយពួកយើងដោយក្រិក,56,1
300,រឺ,2,13
301,រ៉ូម,4,1
302,ហើយបង្ហាញអោយឃើញភាពផ្ទុយស្រឡះដ៏ក្រៀមក្រំទៅនឹងសភាពនៃអនារ្យធម៌ដែលក្នុងនោះប្រទេសជាតិនេះឥឡូវ​ត្រូវបានលិចលង់ទៅហើយ។,108,1
303,លោកមូហ៊ត,8,1
304,ក៏ដូចជាពួកអ្នកទេសចរណ៍លោកខាងលិចដំបូងៗដែរ,39,1
305,បានគិតថាវាពិបាកនឹងជឿថាខ្មែរអាចសាងសង់ប្រាសាទនេះបាន,49,1
306,និងបានចុះកាលបរិច្ឆេទវាដោយច្រឡំទៅនឹងក្បែរៗសម័យមួយដូចគ្នាដូចរ៉ូម។,63,1
307,ប្រវត្តិពិតនៃអង្គរវត្តត្រូវបានទម្លុះទម្លាយរួមគ្នាដោយភស្តុតាងខាងរចនាបថនិងអភិលេខន៍តែប៉ុណ្ណោះ,90,1
308,ដែលបានប្រមូលបានកំឡុងការបោសសំអាតជាបន្តបន្ទាប់និងការស្ដារស្នាដៃឡើងវិញ,67,1
309,បានបន្តទូទាំងស្ថានីយអង្គរទាំងមូល។,33,1
310,គ្មានលំនៅដ្ឋាន,14,1
311,រឺ,2,13
312,ផ្ទះ,4,1
313,រឺ,2,13
314,សញ្ញានៃការតាំងលំនៅជាប្រក្រតីរួមជាមួយប្រដាប់ប្រដាចំអិនអាហារ,58,1
315,អាវុធ,5,1
316,រឺ,2,13
317,វត្ថុនៃការតុបតែងខ្លួនជាធម្មតាបានរកឃើញនៅស្ថានីយបុរាណនានាឡើយ។,59,1
318,ជំនួសវិញ,8,1
319,មានភស្តុតាងនៃបូជនីយដ្ឋាននានាខ្លួនឯងទៅវិញ។,41,1
320,អង្គរវត្តត្រូវការការស្ដារឡើងវិញច្រើននៅសតវត្សទី,46,1
321,២០,2,5
322,ជាសំខាន់ការយកដីរុំកោះនិងសារពើរុក្ខជាតិចេញ។,42,1
323,ការងារត្រូវបានអាក់ខានដោយសង្គ្រាមរដ្ឋប្បវេណី,43,1
324,និងការគ្រប់គ្រងប្រទេសដោយខ្មែរក្រហមកំឡុងទសវត្ស,45,1
325,១៩៧០,4,1
326,និង,3,44
327,១៩៨០,4,1
328,ប៉ុន្តែការបំផ្លិចបំផ្លាញតិចតួចដោយប្រៀបធៀបត្រូវបានធ្វើកំឡុងសម័យនោះ,65,1
329,ក្រៅពីនេះទៅមានពួកចោរ,20,1
330,និងការបំផ្លាញនូវរូបចម្លាក់សម័យក្រោយអង្គរភាគច្រើនទៀត។,52,1
331,ប្រាសាទនេះគឺជានិមិត្តរូបពោរពេញដោយថាមពលរបស់កម្ពុជា,49,1
332,និងជាប្រភពនៃមហាមោទនភាពជាតិដែលបានដាក់ជាកត្តាក្នុងទំនាក់ទំនងការទូតរបស់កម្ពុជាជាមួយបារាំង,86,1
333,សហរដ្ឋ,6,1
334,និងអ្នកជិតខាងរបស់ខ្លួន,22,1
335,ថៃ។,3,1
336,រូបគំនូរនៃអង្គរវត្តធ្លាប់ជាផ្នែកមួយនៃទង់ជាតិនានារបស់កម្ពុជាចាប់តាំងពីការដាក់បញ្ចូលនូវកំណែលើកទីមួយ,97,1
337,រង្វង់ឆ្នាំ,11,1
338,១៨៦៣,4,2
339,។,1,68
340,ដោយសារទស្សនៈវិស័យខាងប្រវត្តិសាស្ត្រកាន់តែធំ,43,1
341,និងបរិវត្តវប្បធម៌ថែមទៀត,23,1
342,យ៉ាងណាៗ,7,1
343,ប្រាសាទអង្គរវត្តនេះមិនបានក្លាយត្រឹមតែជានិមិត្តរូបនៃមោទនភាពជាតិផ្ទាល់ជាតិសាសន៍នោះទេ,82,1
344,ប៉ុន្តែក៏ត្រូវបានដាក់បញ្ចូលទៅក្នុងដំណើរការនយោបាយ,48,1
345,វប្បធម៌នៃផលិតកម្មកេរដំណែលបារាំង,31,1
346,អាណានិគម,8,1
347,ក្នុងនោះដែលទីស្ថានប្រាសាទដើមត្រូវបានតាំងបង្ហាញក្នុងពិព័ណអាណានិគមបារាំងនិងសកលនៅប៉ារីសនិងម៉ាខ់សីរវាងឆ្នាំ,103,1
348,១៨៨៩,4,1
349,និង,3,44
350,១៩៣៧,4,1
351,។,1,68
352,មរតកសិល្បៈដ៏រុងរឿងនៃអង្គរវត្តនិងបូជនីយដ្ឋានខ្មែរផ្សេងៗនៅតំបន់អង្គរបានដឹកនាំបារាំងដោយផ្ទាល់ទទួលយកកម្ពុជាជាអាណាព្យាបាលនៅថ្ងៃ,122,1
353,១១,2,2
354,សីហា,4,1
355,១៨៦៣,4,2
356,និងលុកលុយសៀមដើម្បីត្រួតត្រាលើវិកិណ្ណដ្ឋាននានា។,46,1
357,នេះបាននាំឱ្យកម្ពុជាភ្លាមៗអះអាងដែនដីនានាឡើងវិញនៅជ្រុងខាងលិចឆៀងខាងជើងនៃប្រទេសដែលស្ថិតនៅក្រោមការគ្រប់គ្រងរបស់សៀម,109,1
358,ថៃ,2,1
359,ចាប់តាំងពីឆ្នាំ,15,2
360,១៣៥១,4,1
361,នៃគ,3,1
362,ស,1,7
363,ម៉ានិច,6,1
364,ជុមសៃ,5,1
365,២០០១,4,2
366,រឺដោយរឿងរ៉ាវខ្លះៗ,17,1
367,១៤៣១,4,2
368,គ,1,10
369,ស,1,7
370,។,1,68
371,កម្ពុជាបានទទួលបានឯករាជ្យពីបារាំងនៅថ្ងៃ,38,1
372,៩,1,5
373,វិច្ឆិកា,8,1
374,១៩៥៣,4,1
375,និងបានគ្រប់គ្រងអង្គរវត្តចាប់តាំងពីពេលនោះមក។កំឡុងពេលនៅចំកណ្ដាលនៃសង្គ្រាមវៀតណាម,77,1
376,ព្រះប្រមុខរដ្ឋនរោត្តម,21,1
377,សីហនុបានទទួលចាក្លឹន,19,1
378,ខឹនន្ឌីនៅកម្ពុជាដើម្បីបំពេញក្ដីស្រមៃអស់មួយជីវិតរបស់លោកស្រីទៅមើលអង្គរវត្ត។,73,1
379,នៅក្នុងកុប្បកម្ម,16,1
380,មករា,4,1
381,២០០៣,4,1
382,បានផ្ទុះនៅភ្នំពេញ,17,1
383,ពេលដែលពាក្យចចាមអារ៉ាមមិនពិតទាល់តែសោះបានខ្ចរខ្ចាយថាតារាសម្ដែងស្រីសាច់រឿងល្ខោនថៃបានអះអាងថាអង្គរវត្តជារបស់ថៃ។,106,1
384,ប្រាសាទអង្គរមានកម្ពស់,21,1
385,៦៥,2,2
386,ម៉ែត្រ,6,6
387,មានក្រឡាផ្ទៃប្រហែល,18,1
388,២០០,3,2
389,ហិចតា,5,1
390,រាងចតុកោណ,9,1
391,ដែលកំណត់ដោយកំពែងព័ទ្ធជុំវិញ,27,1
392,និង,3,44
393,គូទឹក,5,1
394,ដែលមានទទឹង,10,1
395,២០០,3,2
396,ម៉ែត្រ។,7,5
397,បរិវេណនៃកំពែង,13,1
398,គឺមានប្រវែងប្រហែល,17,1
399,៥,1,8
400,៥,1,8
401,គ,1,10
402,ម។,2,2
403,ផ្លូវចូលធ្វើអំពីថ្មភក់មានប្រវែងបណ្តោយ,37,1
404,២៥០,3,1
405,ម៉ែត្រ,6,6
406,និងទទឹង,7,1
407,១២,2,13
408,ម៉ែត្រ។,7,5
409,ដោយសារតែទំហំដ៏ធំ,16,1
410,និងស្ថាបត្យកម្មដ៏អស្ចារ្យនេះ,28,1
411,មានមនុស្សមួយចំនួនគិតថា,22,1
412,ប្រាសាទអង្គរវត្តមិនមែនជាស្នាដៃរបស់មនុស្សទេ,42,1
413,គឺជាស្នាដៃរបស់អាទិទេពពីព្រោះដោយសារប្រណីត។។នៅខាងមុខផ្លូវចូលមានតោថ្មធំៗ,69,1
414,ឈរយាមនៅអមសងខាងផ្លូវ។,20,1
415,នៅខាងចុងនៃផ្លូវចូលនោះ,21,1
416,មានគោបុរៈប្រាង្គបី,18,1
417,ដែលមានកម្ពស់ខុសគ្នា,19,1
418,ហើយប្រាង្គផ្នែកខាងលើត្រូវបានដួលរលំហើយ។,38,1
419,នៅគោបុរៈនោះ,11,1
420,មានថែវដែលមានកំពូលជាវូត។,23,1
421,បន្ទាប់ពី,9,1
422,គោបុរៈមកគឺមានផ្លូវមួយដែលមានប្រវែងបណ្តោយ,39,1
423,៣៥០,3,2
424,ម៉ែត្រ,6,6
425,និង,3,44
426,ទទឹង,4,1
427,៩,1,5
428,ម៉ែត្រ,6,6
429,ធ្វើពីថ្មភក់,12,1
430,និង,3,44
431,បង្កាន់ដៃនាគនៅអមសងខាង។,22,1
432,អង្គរវត្ត,9,4
433,តាំងនៅ,6,1
434,13,2,1
435,°,1,2
436,24,2,1
437,′,1,2
438,45,2,1
439,″N,2,1
440,103,3,1
441,°,1,2
442,52,2,1
443,′,1,2
444,0,1,1
445,″E,2,1
446,គឺជាការបន្សំតែមួយគត់នៃប្រាសាទភ្នំ,33,1
447,ការរចនាជាបទដ្ឋានសម្រាប់ពួកប្រាសាទសភាវៈតំណាងរបស់អធិរាជាណាចក្រនេះ,63,1
448,គ្រោងចុងក្រោយនៃថែវសហមជ្ឈមណ្ឌល,29,1
449,និងឥទ្ធិពលពីឱឌ៉ិឝានិងចោឡ៊រ៊,27,1
450,នៃទមិឡនាដុ,10,1
451,ឥណ្ឌា។,6,1
452,ប្រាសាទនេះគឺជាតំណាងនៃភ្នំព្រះសុមេរុ,35,1
453,លំនៅនៃពួកទេវៈ,13,1
454,ជួរចតុរង្គចំកណ្ដាលនៃប្រាង្គជាសញ្ញាសំគាល់កំពូលទាំងប្រាំនៃភ្នំ,60,1
455,ហើយជញ្ជាំងនិងគូទឹក,18,1
456,ជាជួរភ្នំព័ទ្ធជុំវិញ,20,1
457,និងមហាសមុទ្រ។,13,1
458,ច្រកចូលទៅកាន់តំបន់ខាងលើនៃប្រាសាទគឺកាន់តែដាច់ដោយឡែកជាលំដាប់,58,1
459,ជាមួយនឹងពួកគ្រហស្ថដែលកំពុងត្រូវបានគេអនុញ្ញាតឱ្យចូលនៅជាន់ទាបបំផុតតែប៉ុណ្ណោះ។,75,1
460,មិនដូចប្រាសាទខ្មែរភាគច្រើនទេ,28,1
461,អង្គរវត្តគឺបែរមុខទៅទិសខាងលិច,28,1
462,ផ្ទុយពីប្រាសាទផ្សេងបែរទៅទិសខាងកើត។,34,1
463,នេះបាននាំមកនូវហេតុជាច្រើន,25,1
464,រួមមានហ្គ្លេសហ្សឹ,17,1
465,និង,3,44
466,ហ្សក,4,1
467,សឺដេស,5,1
468,សន្និដ្ឋានថាព្រះបាទសូរ្យវរ្ម័នបានបម្រុងទុកវាសម្រាប់ជាប្រាសាទបញ្ចុះព្រះសពរបស់ទ្រង់។,82,1
469,ភស្តុតាងបន្ថែមទៀតចំពោះការមើលឃើញដូចនេះត្រូវបានផ្ដល់ដោយចម្លាក់លៀនស្រាលៗ,69,1
470,ដែលបានធ្វើតាមក្បួនក្នុងទិសដៅប្រឆាំងនឹងទក្ខិណាវដ្ដ,49,1
471,ប្រសវ្យៈជាយត្តសព្ទវិជ្ជាហិណ្ឌូ,30,1
472,ដូចនេះគឺជាការបញ្ច្រាសនៃរបៀបធម្មតា។,34,1
473,ក្បួនរីត៍ជាច្រើនប្រារព្ធក្នុងរបៀបបញ្ច្រាសកំឡុងសេវការបុណ្យសពព្រហ្មញ្ញ។,69,1
474,បុរាណវិទូ,9,1
475,ឆាលអឹស,6,1
476,ហាយអ៊ែមក៏បានពិពណ៌នានូវអ្វីនៅខាងក្នុងដែលប្រហែលជាក្រឡបញ្ចុះសពដែលត្រូវបានគេយកមកពីប្រាង្គប៉មកណ្ដាល។,95,1
477,វាត្រូវបានគេហៅដោយអ្នកខ្លះថាជាការចំណាយកម្លាំងច្រើនបំផុតលើសាកសពមួយដែលគេបោះបង់ចោល។,79,1
478,ហ៊្វ្រីម៉ឹន,11,1
479,និង,3,44
480,ចាខ,3,1
481,យ៉ាងណាក៏ដោយ,11,1
482,កត់សម្គាល់ថាប្រាសាទអង្គរផ្សេងៗជាច្រើនបែរមុខចេញពីទិសខាងកើតជាធម្មតា,65,1
483,និងផ្ដល់យោបល់ថាការបង្វែររបស់អង្គរវត្តគឺដោយសារតែការឧទ្ទិសរបស់ប្រាសាទដល់ព្រះវិស្ណុ,80,1
484,ដែលព្រះអង្គរាប់អាននឹងទិសខាងលិច។,31,1
485,ការបកស្រាយបន្ថែមអំពីអង្គរវត្តត្រូវបានស្នើដោយអិលឡឹណឺរ,52,1
486,មែនិកា។,7,1
487,ដោយទាញយកការបង្វែរទិសនិងទំហំខ្នាតរបស់ប្រាសាទនេះ,46,1
488,ហើយនិងនៅលើភាគខាងក្នុងនិងការរៀបចំនៃចម្លាក់លៀនស្រាលៗ,50,1
489,គាត់លើកឡើងថារចនាសម្ព័ន្ធសំណង់បង្ហាញនូវសករាជថ្មីនៃសន្តិភាពដែលបានប្រកាសក្រោមរាជព្រះបាទសូរ្យវរ្ម័នទី,97,1
490,២,1,20
491,ជារង្វាស់នៃវដ្តកាលសុរិយគតិ,26,1
492,និងចន្ទគតិត្រូវបានសាងជាលំហពិសិដ្ឋនៃអង្គរវត្ត,44,1
493,អាណត្តិទេពនេះដើម្បីដឹកនាំត្រូវបានពឹងទៅលើមន្ទីរនិងសាលស័ក្ដសិទ្ធ,62,1
494,ដែលក្នុងន័យចងចាំនូវអំណាចរបស់ព្រះរាជា,36,1
495,និងដើម្បីគោរពដល់និងធ្វើឱ្យស្ងប់ព្រះទ័យពួកទេវៈដែលគង់នៅស្ថានលើ។,61,1
496,ការលើកឡើងរបស់មែនិកាត្រូវបានទទួលយកជាមួយការលាយឡំគ្នានៃចំណាប់អារម្មណ៍និងសង្ស័យនិយមក្នុងរង្វង់បណ្ឌិតសភា។,100,1
497,គាត់ដាក់ខ្លួនឯងអោយនៅឆ្ងាយពីបរិកប្បកម្មនៃអ្នកដទៃ,47,1
498,ដូចជាហ្គ្រេម,12,1
499,ហ៊ែងខខ់,7,1
500,ថាអង្គរវត្តគឺជាផ្នែកនៃតំណាងតារានិករមករ។,39,1
501,អង្គរវត្តជាគំរូដំបូងនៃរចនាបថបុរាណនៃស្ថាបត្យកម្មខ្មែរ,52,1
502,រចនាបថអង្គរវត្ត,15,1
503,ដែលវាបានដាក់ឈ្មោះតាមប្រាសាទនេះ។,31,1
504,នៅសតវត្សទី,10,1
505,១២,2,13
506,ពួកស្ថាបត្យករខ្មែរធ្លាប់មានជំនាញនិងទំនុកចិត្តក្នុងការប្រើប្រាស់ថ្មភក់,69,1
507,ផ្ទុយពីឥដ្ឋ,11,1
508,រឺ,2,13
509,ថ្មបាយក្រៀម,11,1
510,សម្ភារៈសាងសង់សំខាន់។,20,1
511,ភាគច្រើនទីដែលមើលឃើញគឺជាដុំថ្មភក់,32,1
512,ដែលពេលនោះថ្មបាយក្រៀមត្រូវបានប្រើសម្រាប់កំពែងខាងក្រៅនិងសម្រាប់ផ្នែកខ្លះនៃរចនាសម្ព័ន្ធសំណង់ដែលបានលាក់កំបាំង។,106,1
513,ភ្នាក់ងារដែលរុំភ្ជាប់បានប្រើប្រាស់ដើម្បីចូលរួមទៅជាដុំៗតែមិនទាន់ត្រូវបានគេដឹងនៅឡើយ,81,1
514,ថ្វីបើជ័រឈើធម្មជាតិ,19,1
515,រឺ,2,13
516,កំបោរប្រេងត្រូវបានគេលើកឡើងក៏ដោយ។,32,1
517,អង្គរវត្តទាញបានការកោតសរសើរលើសគេបង្អស់ចំពោះភាពស៊ីគ្នានៃការរចនាផ្ទាល់ខ្លួន,72,1
518,ដែលត្រូវបានគេប្រៀបធៀបនឹងស្ថាបត្យកម្មនៃក្រិកនិងរ៉ូមបុរាណ។,56,1
519,តាមរយៈលោកម៉ូហ៊្រីស,18,1
520,ហ្គ្លេសហ្សឹ,11,1
521,អ្នកអភិរក្សអង្គរពាក់កណ្ដាលសតវត្សទី,34,1
522,២០,2,5
523,ប្រាសាទនេះ,10,1
524,សម្រេចបានភាពល្អឥតខ្ចោះតាមបែបបុរាណដោយសារបូជនីយដ្ឋានភាពដែលបានបង្អាក់នូវធាតុនឹងនរយ៉ាងល្អវិចិត្រនិងការរៀបចំយ៉ាងត្រឹមត្រូវនៃខ្នាតទំហំរបស់ប្រាសាទ។,140,1
525,វាគឺជាកិច្ចការងារនៃអំណាច,24,1
526,ឯកភាព,5,1
527,និងរចនាបថ។,10,1
528,តាមស្ថាបត្យកម្ម,15,1
529,ចរិកលក្ខណៈធាតុជាច្រើននៃរចនាបថនេះរួមមាន,38,1
530,ប្រាង្គប៉មរាងក្បាលទូក,21,1
531,បុនទន្តដែលមានរាងដូចជាត្របកឈូកច្រើន,34,1
532,កន្លះ,5,1
533,ថែវពង្រីកផ្លូវរបៀង,18,1
534,ថែវអ័ក្សភ្ជាប់ទៅនឹងរបងព័ទ្ធជុំវិញ,33,1
535,និងលានរាងកាកបាទដែលលេចឡើងតាមបណ្ដោយអ័ក្សធំនៃប្រាសាទ។,50,1
536,ធាតុផ្សំតុបតែងជាធម្មតាគឺទេវតា,29,1
537,រឺ,2,13
538,អប្សរា,6,1
539,ចម្លាក់លៀនស្រាលៗ,16,1
540,និងនៅលើកម្រងផ្កាភ្ញីធំសន្ធឹងរបស់ហោជាង,37,1
541,និងឈុតឆាកនិទានកថា។,18,1
542,រូបចម្លាក់បដិមានៃអង្គរវត្តត្រូវបានចាត់ចែងទុកអភិរក្ស,51,1
543,កំពុងតែនៅដដែលនិងមិនសូវមាំមួនជាងស្នាដៃដើមដំបូងឡើយ។,49,1
544,ធាតុសំខាន់ផ្សេងទៀតនៃការរចនាត្រូវបានគេបំផ្លិចបំផ្លាញដោយការលួចឆក់ប្លន់និងការកន្លងទៅនៃពេលវេលា,90,1
545,រួមមានការបូកពាសស្រោបមាសលើប៉មប្រាង្គ,35,1
546,ដោយការស្រោបមាសលើរូបចម្លាក់លើចម្លាក់លៀនស្រាលៗ,44,1
547,និងបន្ទះពិតានឈើនិងទ្វារនានា។,28,1
548,រចនាបថអង្គរវត្តត្រូវបានតោងបន្តដោយសម័យបាយ័ន,42,1
549,នៅក្នុងនោះដែលគុណភាពត្រូវបានបូជាយញ្ញជាញឹកញាប់ទៅដល់បរិមាណ។,56,1
550,ប្រាសាទដទៃទៀតស្ថិតក្នុងរចនាបថនេះគឺ,34,1
551,បន្ទាយសំរែ,10,1
552,ធម្មនន្ទ,8,1
553,ចៅសាយទេវតា,10,1
554,និងប្រាសាទដំបូងក្នុងនោះព្រះពិធូរ,32,1
555,នៅអង្គរ,7,1
556,ខាងក្រៅអង្គរ,12,1
557,បឹងមាលា,7,1
558,និងភាគខ្លះនៃភ្នំរុងនិងពិមាយ។,28,1
559,តាមការសន្និដ្ឋានរបស់អ្នកស្រាវជ្រាវ,34,1
560,ប្រាសាទអង្គរវត្ត,16,6
561,ប្រើកម្លាំងពលកម្មប្រម៉ាណជាង,27,1
562,30,2,1
563,មុឺននាក់,8,1
564,និង,3,44
565,ដំរី,4,1
566,ជាង,3,1
567,6,1,1
568,ពាន់ក្បាល,9,1
569,និងប្រើប្រាស់ថ្ម,16,1
570,សរុបប្រមាណជាង,13,1
571,10,2,1
572,លានតោន,6,2
573,នៅក្នុងទំហំ,11,1
574,ខ្នាត,5,1
575,និង,3,44
576,ភាពស៊ីមេទ្រី,12,1
577,ឡើងដល់កំពូល,11,1
578,ដែលត្រូវបាន,11,1
579,គេជឿថាជាប្រាសាទសាសនា,20,1
580,ដ៏ធំបំផុត,9,1
581,របស់ពិភពលោក។,12,1
582,អង្គរវត្តជាប់ជាស្ថាបត្យកម្មកំពូលក្នុងលោក,40,1
583,ប្រាសាទដែលបង្រួមឧបទ្វីបទាំងអស់បញ្ជូលគ្នា។,41,1
584,រៀងរាល់ថ្ងៃទី,13,1
585,21,2,1
586,22,2,2
587,ខែមីនា,6,1
588,និងថ្ងៃទី,9,1
589,22,2,2
590,23,2,1
591,ខែកញ្ញា,7,1
592,គឺព្រះអាទិត្យរះនិងលិចចំកណ្តាលកំពូលប្រាសាទអង្គរវត្តដែលចែករយៈពេល,62,1
593,យប់,3,1
594,និង,3,44
595,ថ្ងៃ,4,3
596,ស្មើគ្នា,8,1
597,សមរាត្រី,8,1
598,គ្រប់អ័ក្សនៃប៉មរបស់ប្រាសាទ,26,1
599,គឺកើតចេញពីរង្វង់មូលដែល,22,1
600,តំណាងឲ្យហ្វូងតារា,17,1
601,ត្រាគោ,6,1
602,Draco,5,1
603,កញ្ជុំសកលដែលមានអាយុកាល,22,1
604,2,1,3
605,លានឆ្នាំ,8,1
606,ដែលមានចម្ងាយពីផែនដី,19,1
607,19,2,1
608,ទ្រីលានគីឡូម៉ែត្រ,17,1
609,ដោយស្មើនិងរវង្វាស់កាំរស្មីព្រះអាទិត្យ,37,1
610,2,1,3
611,ឆ្នាំពន្លឺ,10,1
612,។,1,68
613,ប្រាសាទអង្គរវត្តមាន,19,1
614,រាងឆ្លុះអ័ក្ស,13,1
615,3,1,3
616,ជាន់ជាប់ៗគ្នាបើធៀបនឹងផ្ទៃទឹកបារាយ,33,1
617,បច្ចុប្បន្នបារាយខាងកើតត្រូវបានរីងស្ងួត,38,1
618,អ័ក្សទាំង,9,1
619,3,1,3
620,ប្រៀបដូចជា,10,1
621,រាងផ្កាយរណបដែលសំយោគយកថាមពលព្រះអាទិត្យដែលបានបាញ់បង្ហោះនៅពេលបច្ចុប្បន្ន។,70,1
622,គ្រឹះប្រាសាទធ្វើអំពីដីខ្សាច់,28,1
623,ដែលពឹងលើគូទឹកដែលព័ទ្ធជុំវិញប្រាសាទទាំងស្រុង។,44,1
624,គ្រប់ប៉មនៃអង្គរវត្តជាចំនុចដែលបង្កើតរាងជាសត្វអណ្ដើកដែលទាក់ទងនិងរឿងកូរសមុទ្រទឹកដោះ,80,1
625,ឬ,1,3
626,កូរសមុទ្រចក្រវាឡ,16,1
627,។​,2,1
628,អង្គរវត្ត,9,4
629,ស្ថិតនឹងខ្សែអ័ក្សទី,19,1
630,7,1,1
631,នៃរយៈទទឹងរបស់ផែនដីដែលខ្សែរនោះជាន់គ្នាជាមួយនឹង,45,1
632,ប្រាសាទពីរ៉ាមីត,15,1
633,ជីហ្សា,6,1
634,របស់អេសុីប,10,1
635,ប្រាង្គឆីកឈេនអុីតសា,19,1
636,របស់មុិចសុិច,12,1
637,និងចុងក្រោយជាមួយរូបសំណាកមនុស្សបុរេប្រវត្តិ,42,1
638,របស់ឈីលី,8,1
639,។,1,68
640,អង្គរវត្តមានលក្ខណៈពិសេសមួយគឺប្រែពណ៌ពីសំរិទ្ធទៅប្រាក់,52,1
641,ពីប្រាក់មកមាស,13,1
642,ទៅតាមពេលវេលាមួយទៀងទាត់,22,1
643,ព្រឹក,5,1
644,ថ្ងៃ,4,3
645,និង,3,44
646,រសៀល។,5,1
647,អង្គរវត្តមានរូបភាពលាក់បង្កប់ច្រើនជាង,36,1
648,200,3,1
649,ផ្ទាំងដែលមិនអាចមើលដឹងដោយភ្នែកទទេបាន,35,1
650,ត្រូវជំនួយដោយបច្ចេកវិទ្យា,25,1
651,Scan,4,1
652,Effect,6,1
653,អ្នកស្រាវជ្រាវបានឲ្យដឹងទៀតថា,28,1
654,ប្រាសាទអង្គរវត្ត,16,6
655,មានតម្លៃទាំងផ្នែកបញ្ញា,22,1
656,ផ្នែកស្ថាបត្យកម្មនិងសម្បត្តិវប្បធម៌។,36,1
657,អង្គរវត្តជាស្ថាបត្យកម្មបានទទួលការគណនានិងធ្វើឡើងយ៉ាងសុក្រឹត្យបំផុតនៅលើពិភពលោក។,77,1
658,ក្រុមអ្នកស្រាវជ្រាវនៅតែចោទជាសំនួរទៅកាន់ប្រាសាទដ៏អស្ចារ្យក្នុងលោកនេះ។,68,1
659,កំពែងខាងក្រៅ,12,1
660,១០២៤,4,1
661,គុណនឹង,6,2
662,៨០២,3,4
663,ម,1,14
664,និង,3,44
665,កំពស់,5,1
666,៤,1,2
667,៥,1,8
668,ម,1,14
669,ព័ទ្ធជុំវិញដោយលាននៃធ្លាបើក,26,1
670,៣០,2,2
671,ម,1,14
672,និងគូទឹកមួយបណ្ដោយ,17,1
673,១៩០,3,1
674,ម។,2,2
675,ច្រកចូលទៅប្រាសាទនេះគឺនៅក្បែរច្រាំងដីនៅខាងកើតនិងផ្លូវកាត់ទឹកធ្វើពីថ្មភក់ទៅខាងលិច,79,1
676,នៅខាងចុង,8,1
677,ច្រកចូលធំ,9,1
678,គឺជាការបន្ថែមចុងក្រោយ,21,1
679,ប្រហែលជាជំនួសឲ្យស្ពានឈើ។,24,1
680,មាន,3,1
681,គោបុរៈជាច្រើន,13,1
682,នៅគ្រប់ទិសធំៗ,13,1
683,ខាងលិចនៅឆ្ងាយពីអាធំជាងគេបង្អស់ហើយនិងមានប៉មប្រាង្គបាក់បែកបី។,59,1
684,លោកហ្គ្លេសហ្សឹកត់សម្គាល់ថាគោបុរៈនេះទាំងលាក់កំបាំងនិងចំណាំងឱ្យទ្រង់ទ្រាយប្រាសាទនេះសមរម្យ។,88,1
685,ខាងក្រោមប្រាង្គខាងត្បូងមានរូបចម្លាក់ព្រះវិស្ណុមួយអង្គ,53,1
686,ដែលគេស្គាល់ថា,13,1
687,តារាជ,5,1
688,ដែលប្រហែលដើមឡើយបានស្ថិតនៅកន្លែងសក្ការៈបូជាកណ្ដាលនៃប្រាសាទ។,58,1
689,ថែវជាច្រើនរត់នៅចន្លោះប្រាង្គនានានិងឆ្ងាយរហូតដល់ច្រកចូលពីរថែមទៀតនៅខាងណាមួយនៃគោបុរៈជារឿយៗចាត់ទុកថាជាច្រកដំរី,106,1
690,តាមដែលច្រកនោះមានទំហំល្មមដើម្បីអោយសត្វទាំងនោះចូលបាន។,51,1
691,ថែវទាំងនេះមានសសរបួនជ្រុងនៅខាងក្រៅ,33,1
692,ខាងលិច,6,1
693,និងជញ្ជាំងបិទជិតនៅខាងក្នុង,26,1
694,ខាងកើត,6,1
695,។,1,68
696,ពិតានចន្លោះសសរទាំងនោះតុបតែងដោយត្របកឈូក,38,1
697,ផ្ទៃនៃជញ្ជាំងខាងលិចមានរូបចម្លាក់រេរាំ,37,1
698,និងផ្ទៃជញ្ជាំងខាងកើតមានបង្អួចមានជើងទៀន,38,1
699,រូបចម្លាក់ប្រុសកំពុងតែរេរាំលើសត្វដែលកំពុងលោតកញ្ឆេង,50,1
700,ហើយនិងអប្សរា,12,1
701,ដែលរួមមាន,9,1
702,ខាងត្បូងនៃច្រកចូល,17,1
703,តែមួយក្នុងប្រាសាទនេះកំពុងតែបង្ហាញធ្មេញរបស់នាង។,46,1
704,កំពែងខាងក្រៅព័ទ្ធជុំវិញបរិវេណ,29,1
705,៨២០០០០,6,1
706,មាត្រការ៉េ,10,1
707,២០៣,3,1
708,អេកឺរ,5,1
709,ដែលម្យ៉ាងទៀតប្រាសាទកណ្ដាលត្រូវបានកាន់កាប់ដោយទីក្រុងនេះតាំងពីដើម,63,1
710,និងនៅខាងជើងប្រាសាទនេះ,21,1
711,គឺព្រះបរមរាជវាំង។,17,1
712,ដូចសំណង់មិនទាក់ទងសាសនាទាំងអស់នៃអង្គរ,36,1
713,ដែលទាំងនោះត្រូវបានសាងសង់ឡើងដោយសម្ភារៈដែលអាចខូចបានខុសពីថ្ម,57,1
714,ដូច្នេះគ្មានអ្វីសេសសល់ក្នុងចំណោមនោះទេលើកលែងតែគ្រោងខ្សែក្រៅនៃផ្លូវខ្លះៗ។,71,1
715,ភាគច្រើនបំផុតនៃតំបន់មួយនេះឥឡូវត្រូវបានគ្របដណ្ដប់ដោយព្រៃឈើ។,58,1
716,ផ្លូវឆ្លងកាត់ទឹក,16,1
717,៣៥០,3,2
718,ម,1,14
719,មួយភ្ជាប់ទៅគោបុរៈខាងលិចទៅកាន់ប្រាសាទកណ្ដាល,42,1
720,ដែលមានបង្កាន់ដៃនាគ,18,1
721,និងកាំជណ្ដើរប្រាំមួយខ្សែនាំចុះទៅកាន់បុរីនៅខាងម្ខាងណាមួយ។,56,1
722,ចំហៀងនីមួយៗក៏បង្ហាញឡើងនូវបណ្ណាល័យមួយដែលមានច្រកចូលមួយចំនួននៅក្នុងចំណុចសំខាន់នីមួយៗ,81,1
723,នៅចំពីមុខនៃកាំជណ្ដើរខ្សែទីបីពីច្រកចូល,37,1
724,និងស្រះមួយនៅចន្លោះបណ្ណាល័យនិងប្រាសាទនេះ។,40,1
725,ស្រះជាច្រើនគឺជាការបន្ថែមក្រោយៗចំពោះការរចនា,42,1
726,ដូចជាលានរាងកាកបាទដែលបានយាមដោយតោភ្ជាប់ទៅនឹងច្រកឆ្លងកាត់ទឹកទៅរចនាសម្ព័ន្ធសំណង់កណ្ដាល។,83,1
727,ប្រាសាទនេះតាំងនៅលើលានមួយដែលបានលើកខ្ពស់ជាងបុរីនេះ។,49,1
728,វាត្រូវបានបង្កើតឡើងដោយថែវចតុកោណកែងបីងើបឡើងដល់ប្រាង្គកណ្ដាល,58,1
729,កំពស់នីមួយៗខ្ពស់ជាងប្រាង្គមួយចុងក្រោយគេ។,40,1
730,មែនិកាបកស្រាយថែវទាំងនេះថាជាការបូជាទៅដល់ព្រះមហាក្សត្រ,52,1
731,ព្រះព្រហ្ម,10,1
732,ព្រះចន្ទ,8,1
733,និងព្រះវិស្ណុ។,14,1
734,ថែវនីមួយៗមានគោបុរៈមួយនៅចំណុចនីមួយៗ,34,1
735,ហើយនិងថែវខាងក្នុងពីរមានប្រាង្គនៅកាច់ជ្រុងរបស់ខ្លួន,50,1
736,ដែលបង្កើតឡើងនូវជួរចតុរង្គដែលមានប្រាង្គនៅចំកណ្ដាល។ពីព្រោះតែប្រាសាទបែរមុខទៅទិសខាងលិច,82,1
737,លក្ខណៈពិសេសទាំងអស់បានកំណត់បែរឆ្ពោះទៅខាងកើត,42,1
738,ដែលបន្សល់ទុកទីលំហបន្ថែមទៀតដែលត្រូវបានបំពេញនៅក្នុងវាំងចំណារនីមួយនិងថែវនៅចំហៀងខាងលិច,82,1
739,ចំពោះហេតុផលដដែលកាំជណ្ដើរបែរមុខទៅខាងលិចរាក់ជាងកន្លែងផ្សេងនៅខាងផ្សេងៗទៀត។,71,1
740,ថែវខាងក្រៅនេះ,13,1
741,១៨៧,3,1
742,គុណ,3,1
743,២១៥,3,1
744,ម,1,14
745,ជាមួយសាលាសំណាក់ខុសពីប្រាង្គនានានៅកាច់ជ្រុង។,43,1
746,ថែវនេះចំហទៅខាងក្រៅនៃប្រាសាទ,27,1
747,ដែលមានកន្លះ,11,1
748,ថែវច្រើនមានសសរលាតសន្ធឹងនិងជន្ទល់សំណង់នេះ។,41,1
749,ភ្ជាប់ទៅនឹងថែវខាងក្រៅទៅកាន់វាំងចំណារទីពីរលើចំហៀងខាងលិចគឺជារបៀងរាងកាកបាទហៅថា,75,1
750,ព្រះពាន់,8,1
751,សាល,3,1
752,។,1,68
753,ពុទ្ធបដិមាធ្លាប់នៅខាងឆ្វេងនៅក្នុងរបៀងនោះដោយពួកអ្នកធម្មយាត្រាអស់ជាងច្រើនសតវត្ស,77,1
754,ទោះបីភាគច្រើនឥឡូវត្រូវបានដកចេញក៏ដោយ។,36,1
755,ទីនេះមានអក្សរចារឹកច្រើនដែលទាក់ទងនឹងទង្វើល្អនៃពួកអ្នកធម្មយាត្រា,62,1
756,ភាគច្រើនបានសរសេរជាភាសាខ្មែរ,27,1
757,ប៉ុន្តែផ្សេងទៀតជាភាសាភូមា,25,1
758,និងជប៉ុន។,9,1
759,ធ្លារបៀងតូចៗទាំងបួនគូសចេញដោយរបៀងនេះដើមឡើយត្រូវបានពេញប្រៀបដោយទឹក។,64,1
760,ខាងជើងនិងខាងត្បូងនៃរបៀងនេះគឺជាបណ្ណាល័យ។,39,1
761,ខាងណោះ,6,1
762,ថែវទីពីរនិងខាងក្នុងត្រូវបានភ្ជាប់គ្នានិងទៅកាន់បណ្ណាល័យចំហៀងពីរក្បែរលានរាងកាកបាទមួយផ្សេងទៀត,90,1
763,ម្ដងទៀតការបន្ថែមក្រោយមកទៀត។,27,1
764,ចាប់ពីជានទីពីរទៅលើ,18,1
765,ពួកទេវតាមានច្រើនលើជញ្ជាំង,25,1
766,ដោយច្រៀង,8,1
767,រឺ,2,13
768,ជាក្រុមរហូតដល់បួនអង្គ។,22,1
769,វាំងចំណារជាន់ទីពីរគឺ,20,1
770,១០០,3,4
771,គុណនឹង,6,2
772,១៥,2,1
773,ម,1,14
774,ហើយដើមឡើយប្រហែលអាចត្រូវបានជោរជន់ដើម្បីតំណាងឱ្យមហាសមុទ្រព័ទ្ធជុំវិញភ្នំព្រះសុមេរុ។,81,1
775,ជណ្ដើរបីឈុតនៅម្ខាងៗនាំឡើងទៅដល់ប្រាង្គប៉ម,40,1
776,និង,3,44
777,គោបុរៈនៅកាច់ជ្រុងនៃថែវខាងក្នុងគេ។,33,1
778,ផ្លូវជណ្ដើរចោទណាស់តំណាងឱ្យភាពលំបាកនៃការឡើងទៅនគរពួកទេវៈ។,55,1
779,ថែវខាងក្នុងនេះ,14,1
780,ហៅថា​បាកាន,10,1
781,គឺ,2,3
782,៦០,2,2
783,ម,1,14
784,ការ៉េដែលមានថែវអ័ក្សជាច្រើនភ្ជាប់នឹងគោបុរៈនីមួយជាមួយទីសក្ការៈបូជានៅកណ្ដាល,72,1
785,ហើយនិងទីសក្ការៈបូជាបន្តបន្ទាប់នៅខាងក្រោមប្រាង្គប៉មនៅកាច់ជ្រុង។,62,1
786,ការប្រក់ដំបូលថែវត្រូវបានតុបតែងជាមួយក្បាច់ក្បូរនៃខ្លួនពស់ដែលនៅចុងនៃក្បាលតោ,73,1
787,រឺ,2,13
788,គ្រុឌ។,6,1
789,ធ្នឹម,5,2
790,និង,3,44
791,ហោជាងដែលបានឆ្លាក់តុបតែងច្រកចូលទៅថែវ,35,1
792,និង,3,44
793,ទីសក្ការៈបូជា។,14,1
794,ប្រាង្គខាងលើទីសក្ការៈបូជាកណ្ដាលងើបរះឡើង,39,1
795,៤៣,2,1
796,ម,1,14
797,ដល់កម្ពស់,9,1
798,៦៥,2,2
799,ម,1,14
800,ពីលើដី,6,1
801,មិនដូចប្រាសាទភ្នំទាំងប៉ុន្មានមុនៗនោះឡើយ,39,1
802,ប្រាង្គកណ្ដាលគឺត្រូវបានផុសឡើងលើប្រាង្គបួនដែលព័ទ្ធជុំវិញ។,56,1
803,ទីសក្ការៈបូជាខ្លួនឯង,20,1
804,ដើមឡើយបានតម្ដល់នៅរូបចម្លាក់ព្រះវិស្ណុ,37,1
805,និងបើកទូលាយនៅគ្រប់ខាង,21,1
806,ត្រូវបានព័ទ្ធជញ្ជាំងនៅខាងក្នុងនៅពេលនោះប្រាសាទនេះត្រូវបានប្រែមកសម្រាប់ព្រះពុទ្ធសាសនាថេរវាទវិញ,92,1
807,ជញ្ជាំងថ្មីរំលេចនូវព្រះពុទ្ធអង្គជាច្រើនកំពុងឈរ។,47,1
808,នៅឆ្នាំ,7,6
809,១៩៣៤,4,1
810,អ្នកអភិរក្សហ្សកហ្សឹ,19,1
811,ធូវវ៉េបានជីកលុងរណ្ដៅនៅខាងក្រោមទីសក្ការៈកណ្ដាលនេះ,48,1
812,បានពេញជាមួយខ្សាច់និងទឹក,23,1
813,បានត្រូវគេលួចឆក់ប្លន់រតនសម្បត្តិក្នុងនោះរួចអស់ទៅហើយ,51,1
814,ប៉ុន្តែលោកខំស្វែងរកគ្រឹះពិសិដ្ឋិមួយទុកនូវសន្លឹកមាសពីរមាត្រលើជាន់ផ្ទាល់ដី។,73,1
815,កុម៌ខាងក្រោម,12,1
816,ពួកអសុរ,7,1
817,និងទេវតា,8,1
818,នៅខាងឆ្វេង,10,1
819,និង,3,44
820,ស្ដាំ,5,1
821,និងពួកអប្សរា,12,1
822,និងព្រះឥន្ទ្រនៅខាងលើ។]],23,1
823,ដោយបានបញ្ចូលគ្នាជាមួយស្ថាបត្យកម្មនៃអគារ,39,1
824,និងមួយក្នុងចំណោមហេតុផលសម្រាប់កិត្តនាមរបស់ខ្លួនគឺការតុបតែងលាតសន្ធឹងរបស់អង្គរវត្ត,79,1
825,ដែលយកទម្រង់នៃចម្លាក់ខ្សែលៀនស្រាលៗ។,34,1
826,កំពែងខាងក្នុងនៃថែវខាងក្រៅបង្ហាញតំណតគ្នានៃឆាកខ្នាតធំដែលរៀបរាប់យ៉ាងសំខាន់នូវភាគច្រើនពីវីរកថាហិណ្ឌូ,96,1
827,រាមាយណៈ,7,1
828,និង,3,44
829,មហាភារតៈ។,9,1
830,ហាយអ៊ាំមបានហៅអ្វីទាំងនេះថា,26,1
831,ការរៀបចំជាខ្សែដែលបានយល់ដឹងខ្លាំងបំផុតពីចម្លាក់ថ្ម,49,1
832,។,1,68
833,ចាប់ពីជ្រុងខាងជើង,17,1
834,ខាងលិចបញ្ច្រាសទ្រនិចនាឡិកា,26,1
835,ថែវខាងលិចបង្ហាញនូវសមរភូមិលង្កា,30,1
836,មកពីរាមាយណៈ,11,1
837,ក្នុងនោះដែលព្រះរាម,18,1
838,កម្ចាត់រាវនៈ,12,1
839,និងសមរភូមិកុរុក្ឞេត្រ,21,1
840,ពីភារតៈ,7,1
841,ដែលបង្ហាញនូវការសាបរលាបព្រមៗគ្នានៃត្រកូលកៅរវៈ,44,1
842,និង,3,44
843,បាណ្ឌវៈ,7,1
844,។,1,68
845,នៅថែវខាងត្បូងតាមសាច់រឿងប្រវត្តិសាស្ត្រតែប៉ុណ្ណោះ,48,1
846,ក្បួនដង្ហែរព្រះសូរ្យវរ្ម័នទី,28,1
847,២,1,20
848,បន្ទាប់មក,9,1
849,នរក,3,1
850,៣២,2,2
851,និងស្ថានសួគ៌,12,1
852,៣៧,2,1
853,នៃទេវកថាហិណ្ឌូ។នៅលើថែវខាងកើតគឺជាមួយ,35,1
854,ក្នុងចំណោមសាច់រឿងគួរអោយសរសើរខ្លាំងបំផុត,39,1
855,ការកូរសមុទ្រទឹកដោះ,18,1
856,ដែលបង្ហាញ,9,1
857,អសុរា,5,2
858,៩២,2,1
859,និង,3,44
860,ទេវតា,5,1
861,៨៨,2,1
862,អង្គដែលយកនាគវាសុកិដើម្បីកូរសមុទ្រក្រោមការដឹកនាំរបស់ព្រះវិស្ណុ,61,1
863,មែននិការាប់ឃើញត្រឹមតែ,21,1
864,៩១,2,1
865,អសុរា,5,2
866,និងពន្យល់ចំនួនអសមាមាត្រដូចជាតំណាងអោយចំនួនថ្ងៃចាប់ពីសុរិយដ្ឋានសិសិររដូវ,70,1
867,ដល់សមរាត្រីរដូវរំហើយ,20,1
868,និងចាប់ពីសមរាត្រីដល់សុរិយដ្ឋាននិទាឃរដូវ,39,1
869,។,1,68
870,វាត្រូវបានបន្តបន្ទាប់ដោយព្រះវិស្ណុដែលកំពុងតែកម្ចាយពួកអសុរា,58,1
871,ការបន្ថែមនូវសតវត្សទី,20,1
872,១៦,2,7
873,។,1,68
874,ថែវខាងជើងបង្ហាញនូវជ័យជម្នះរបស់ក្ឫស្នាលើពនៈ,42,1
875,ដែលយោងទៅតាមលោកហ្គ្លេសហ្សឹ,25,1
876,ទឹកដៃនេះគឺអាក្រក់បំផុត,22,1
877,និង,3,44
878,សមរភូមិរវាងពួកព្រះហិណ្ឌូនិងពួកអសុរា។,36,1
879,សាលាសំណាក់ខាងជើងឆៀងខាងលិច,25,1
880,និង,3,44
881,ជ្រុងខាងត្បូងឆៀងខាងលិច,22,1
882,ទាំងពីររំលេចនូវសាច់រឿងតិចតួចមែនទែន,34,1
883,ភាគខ្លះមិនច្បាស់លាស់,20,1
884,ប៉ុន្តែភាគច្រើនមកពីរឿងរាមាយណៈ,29,1
885,រឺ,2,13
886,ជីវិតរបស់ក្ឫស្នា។,17,1
887,ចម្លាក់លៀនស្រាលនៃការកូរសមុទ្រទឹកដោះដែលបង្ហាញព្រះវិស្ណុនៅចំកណ្ដាល,64,1
888,អវតារអណ្ដើករបស់ទ្រង់,20,1
889,ថ្មមួយចំនួន,11,1
890,រលោងដូចជាថ្មពពាលដែលបានប៉ូលាហើយ,30,1
891,ត្រូវបានដាក់ដោយគ្មានបាយអជាមួយតំណយ៉ាងតឹងដែលជួនកាលពិបាករក។,56,1
892,ដុំថ្មបួនជ្រុងៗជាច្រើនត្រូវបានដាក់រួមគ្នាដោយតំណប្រហោងដំណាប់និងពន្លូញក្នុងករណីខ្លះ,81,1
893,កាលណោះដែរ,9,1
894,ក្នុងករណីផ្សេងៗទៀត,18,1
895,បានប្រើកន្ទុយលលក,16,1
896,និងទំនាញដី។,11,1
897,ដុំថ្មខ្លះត្រូវបានដាក់នៅកន្លែងដោយក្ដីសន្និដ្ឋានតាមការផ្សំគ្នានៃពួកដំរី,70,1
898,ពួរស្រកីជក់,11,1
899,រ៉ក,3,1
900,និងការធ្វើរន្ទាឫស្សី។,21,1
901,ហ្រង់រី,7,1
902,មហ៊តបានកត់សម្គាល់ថាភាគច្រើននៃដុំថ្មមានរន្ធ,42,1
903,២,1,20
904,៥,1,8
905,ស,1,7
906,ម,1,14
907,ជាអង្កត់ផ្ចិត,13,1
908,និង,3,44
909,ជម្រៅ,5,1
910,៣,1,5
911,ស,1,7
912,ម,1,14
913,ជាមួយរន្ធជាច្រើនទៀតលើដុំថ្មបួនជ្រុងធំៗ។,39,1
914,ពួកអ្នកប្រាជ្ញខ្លះបានអោយយោបល់ថាទាំងនេះត្រូវបានប្រើចូលរួមគ្នាជាមួយដំបងដែកជាច្រើន,79,1
915,ប៉ុន្តែអ្នកផ្សេងទៀតអះអាងថារបស់នឹងត្រូវបានប្រើដើម្បីកាន់ស្នៀតជាបណ្ដោះអាសន្នដើម្បីជួយហត្ថកិច្ចថ្មទាំងនោះចូលទៅកាន់កន្លែង។បូជនីយដ្ឋាននេះត្រូវបង្កើតចេញដោយចំនួនដ៏សម្បើមនៃថ្មភក់,170,1
916,ច្រើនដូចគ្នានឹងសាជីរបស់ខាបផ្វ្រានៅអេហ៊្សីប,42,1
917,ជា,2,1
918,៥,1,8
919,លានតោន,6,2
920,។,1,68
921,ថ្មភក់នេះត្រូវបានដឹកជញ្ជូនពីភ្នំគូលែន,37,1
922,កន្លែងយកថ្មប្រហែល,17,1
923,25,2,1
924,miles,5,1
925,40,2,1
926,km,2,1
927,ទៅទិសឦសាន។,10,1
928,ថ្មនេះតាមសេចក្ដីសន្និដ្ឋានត្រូវបានដឹកជញ្ជូនដោយក្បូនតាមបណ្ដោយស្ទឹងសៀមរាប។,72,1
929,រឿងនេះនឹងត្រូវបានធ្វើឡើងជាមួយការប្រុងប្រយ័ត្នដើម្បីចៀសវាងការក្រឡាប់ក្បូនរួមជាមួយទម្ងន់មួយចំនួនធំ។,97,1
930,វិស្វករទំនើបម្នាក់បានប៉ាន់ប្រមាណថាវានឹងចំណាយពេល,47,1
931,៣០០,3,1
932,ឆ្នាំដើម្បីបង្ហើយអង្គរវត្តសព្វថ្ងៃនេះ។,38,1
933,ប៉ុន្តែបូជនីយដ្ឋាននេះត្រូវបានចាប់ផ្ដើមភ្លាម,43,1
934,បន្ទាប់ពីសូរ្យវរ្ម័នឡើងសោយរាជ្យ,31,1
935,និងត្រូវបានបញ្ចប់រយៈពេលខ្លីក្រោយការសោយទីវង្គតរបស់ទ្រង់,54,1
936,មិនច្រើនជាង,11,1
937,៤០,2,1
938,ឆ្នាំ។,6,1
939,យ៉ាងជាក់ស្ដែងផ្ទៃខាងក្រៅទាំងអស់,31,1
940,សសរ,3,2
941,ធ្នឹម,5,2
942,សូម្បីតែដំបូលតក៏ត្រូវបានឆ្លាក់ដែរ។,34,1
943,មានចម្ងាយដ៏វែងនៃចម្លាក់លៀនដែលរៀបរាប់សាច់រឿងចេញពីអក្សរសិល្ប៍ឥណ្ឌារួមមានស្នែងឯក,77,1
944,ឥន្ទ្រីយសីហៈ,12,1
945,នាគមានស្លាបកំពុងអូសទាញរទេះដូចគ្នានឹងពួកអ្នកចម្បាំងតាមពីក្រោយមេកើយដែលជិះដំរី,75,1
946,និងនារីរបាំនៅស្ថានសួគ៌ដែលមានកេសាបថយ៉ាងផ្ចិតផ្ចង់។,49,1
947,ជញ្ជាំងថែវតែឯងត្រូវបានតុបតែងជាមួយចម្លាក់លៀនស្រាលស្ទើរតែ,55,1
948,១០០០,4,1
949,មាត្រការ៉េ។,11,1
950,រន្ធជាច្រើនលើកំពែងអង្គរខ្លះបញ្ជាក់ថាប្រហែលត្រូវបានគេតុបតែងជាមួយបន្ទះសំរឹទ្ធ។,76,1
951,ទាំងនេះត្រូវបានគាស់កកាយយ៉ាងច្រើននៅសម័យកាលបុរាណ,46,1
952,និង,3,44
953,បានជាគោលដៅដំបូងសម្រាប់ពួកចោរ។,29,1
954,គ្រាដែលកំពុងជីកកកាយខជុរាហោ,26,1
955,អ៊ែលឡិច,7,1
956,អិវ៉ឹន,6,1
957,ជាងថ្មនិងជាងចម្លាក់ម្នាក់,25,1
958,បានកសាងឡើងវិញនូវរូបចម្លាក់ថ្មមួយខាងក្រោម,40,1
959,4,1,2
960,feet,4,1
961,1,1,1
962,2,1,3
963,m,1,1
964,នេះបានចំណាយពេល,14,1
965,៦០,2,2
966,ថ្ងៃដើម្បីឆ្លាក់។,17,1
967,រ៉ចចឺរ,6,1
968,ហបគីន្ស៍,8,1
969,និង,3,44
970,ម៉ាខ,4,1
971,ឡេហណឺបានធ្វើការពិសោធផងដែរដើម្បីគាស់យកថ្មកំបោរដែលបានចំណាយអ្នកគាស់កកាយ,68,1
972,១២,2,13
973,នាក់,4,3
974,២២,2,1
975,ថ្ងៃ,4,3
976,ដើម្បីគាស់កកាយថ្មប្រហែល,23,1
977,៤០០,3,1
978,តោន។,4,1
979,កម្លាំងពលកម្មដើម្បីគាស់កកាយ,27,1
980,ដឹកជញ្ជូន,9,1
981,ឆ្លាក់និងបន្តុបថ្មជាច្រើនត្រូវបានឈានដល់រាប់ពាន់រួមមានសិល្បៈករជំនាញខ្ពស់ៗជាច្រើននាក់។,84,1
982,ជំនាញទាំងនេះបានទាមទារឱ្យឆ្លាក់រូបចម្លាក់ទាំងនេះបានអភិវឌ្ឍរាប់រយឆ្នាំតាំងពីដំបូងឡើយ,82,1
983,ដូចដែលបានបង្ហាញតាមវត្ថុបុរាណខ្លះដែលត្រូវបានចុះកាលបរិច្ឆេទទៅសវត្សទីប្រាំពីរ,74,1
984,មុនពេលខ្មែរបានឡើងអំណាច។,23,1
985,ការស្ទាបស្ទង់ខាងបុរាណវិទ្យាឥណ្ឌាបានបន្តការស្ដារស្នាដៃលើប្រាសាទនេះរវាង,69,1
986,១៩៨៦,4,1
987,និង,3,44
988,១៩៩២,4,3
989,។,1,68
990,ចាប់តាំងពីទសវត្សឆ្នាំ,21,1
991,១៩៩០,4,2
992,អង្គរវត្តបានមើលឃើញនូវកិច្ចប្រឹងប្រែងអភិរក្សបន្ត,47,1
993,និងការកើនឡើងយ៉ាងខ្លាំងខាងទេសចរណ៍។,33,1
994,ប្រាសាទនេះគឺជាផ្នែកនៃទីកន្លែងកេរដំណែលពិភពលោករបស់អង្គរ,53,1
995,បានបង្កើតឡើងនៅឆ្នាំ,19,1
996,១៩៩២,4,3
997,ដែលបានផ្ដល់នូវការអោយមូលនិធិខ្លះ,31,1
998,និងបានជម្រុញចិត្តឲ្យរដ្ឋាភិបាលកម្ពុជាការពារទីកន្លែងនេះ។,55,1
999,គម្រោងការអភិរក្សអប្សរាអាល្លឺម៉ង់,32,1
1000,គ,1,10
1001,អ,1,7
1002,អ,1,7
1003,អ,1,7
1004,ឬ,1,3
1005,GACP,4,1
1006,កំពុងធ្វើការដើម្បីការពារពួកទេវតា,32,1
1007,និង​ចម្លាក់លៀនស្រាលៗដទៃទៀតដែលតាក់តែងលើប្រាសាទនេះពីការបំផ្លិចបំផ្លាញ។,68,1
1008,ការស្ទាបស្ទង់របស់អង្គការនេះបានរកឃើញថាប្រហែល,43,1
1009,២០,2,5
1010,%នៃពួកទេវតាស្ថិតនៅក្នុងលក្ខ័ណ្ឌមិនសូវល្អ,40,1
1011,ជាចម្បងដោយសារសំណឹកធម្មជាតិនិងការយ៉ាប់យ៉ឺនទៅនៃថ្មប៉ុន្តែដោយឡែកផងដែរ,66,1
1012,ក៏ធ្វើឲ្យមានកិច្ចប្រឹងប្រែងការស្ដារឡើងវិញភ្លាមៗផងដែរ។,53,1
1013,ការងារផ្សេងៗពាក់ព័ន្ធនឹងការជួសជុលផ្នែកដែលបានធ្លាក់មួយចំនួនពីរចនាសម្ព័ន្ធសំណង់,77,1
1014,និងការបង្ការពីការបាក់ធ្លាក់បន្ថែមទៀត,36,1
1015,ទីខាងមុខប៉ែកខាងលិចនៃថ្នាក់លើៗ,29,1
1016,ជាឧទាហរណ៍,9,1
1017,ត្រូវបានទប់ទ្រដោយការដាក់រន្ទាតាំងពីឆ្នាំ,40,1
1018,២០០២,4,1
1019,កាលណោះក្រុមជប៉ុនមួយបានបង្ហើយការស្ដារនូវបណ្ណាល័យខាងជើងនៃវាំងចំណារខាងក្រៅនៅឆ្នាំ,78,1
1020,២០០៥,4,2
1021,។,1,68
1022,មូលនិធិបូជនីយដ្ឋានពិភពលោកបានចាប់ផ្ដើមការងារអភិរក្សលើថែវកូរសមុទ្រទឹកដោះនៅឆ្នាំ,77,1
1023,២០០៨,4,1
1024,បន្ទាប់ពីជាច្រើនឆ្នាំក្នុងការសិក្សាពីស្ថានភាព។,46,1
1025,គម្រោងការនេះបានស្ដារនូវប្រព័ន្ធប្រក់ដំបូលខ្មែរតាមបែបបុរាណ,57,1
1026,និងបានដកចេញនូវស៊ីម៉ង់ដែលបានប្រើនៅក្នុងការប៉ុនប៉ងការស្ដារដំបូងដែលបានជាលទ្ធផលជាអំបិលជ្រៀតចូល​រចនាសម្ព័ន្ធសំណង់ពីក្រោយចម្លាក់ស្រាល,127,1
1027,ដែលធ្វើឲ្យខូចពណ៌និងបំផ្លាញផ្ទៃដែលបានឆ្លាក់ហើយ។,46,1
1028,ដំណាក់កាលសំខាន់នៃការងារនេះបានបញ្ចប់នៅឆ្នាំ,42,1
1029,២០១២,4,2
1030,និងសមាសភាគចុងក្រោយនឹងជាការបន្តុបឡើងនៃត្រីសូល៍លើដំបូលនៃថែវនេះនៅឆ្នាំ,67,1
1031,២០១៣,4,1
1032,។,1,68
1033,អង្គរវត្តបានប្រែក្លាយជាគោលដៅទេសចរណ៍ដ៏សំខាន់មួយ។,47,1
1034,នៅឆ្នាំ,7,6
1035,២០០៤,4,1
1036,និង,3,44
1037,២០០៥,4,2
1038,តួលេខរដ្ឋាភិបាលបានណែនាំថា,25,1
1039,រៀងគ្នាមានទេសចរបរទេស,20,1
1040,៥៦១០០០,6,1
1041,និង,3,44
1042,៦៧៧០០០,6,1
1043,នាក់ដែលបានមកដល់ខេត្តសៀមរាប,26,1
1044,ប្រហែល,6,2
1045,៥០,2,2
1046,%នៃពួកទេសចរបរទេសទាំងអស់នៅកម្ពុជាសម្រាប់ឆ្នាំទាំងពីរ។,52,1
1047,ទីស្ថាននោះត្រូវបានគ្រប់គ្រងដោយសម្ព័ន្ធសូគីម៉ិច,46,1
1048,សូគីម៉ិចគ្រុប,13,1
1049,ឯកជន,4,1
1050,ចាប់តាំងពីឆ្នាំ,15,2
1051,១៩៩០,4,2
1052,ដែលបានជួលប្រាសាទពីរដ្ឋាភិបាលកម្ពុជា។,36,1
1053,លំហូរចូលនៃពួកអ្នកទេសចរណ៍រហូតមកដល់ឥឡូវបានបង្កនូវការបំផ្លិចបំផ្លាញតិចតួចទាក់ទងគ្នា,80,1
1054,ក្រៅពីគំនូរសាធារណ៍ខ្លះៗ,23,1
1055,ខ្សែពួរ,7,1
1056,និងជណ្ដើរឈើត្រូវបានគេដាក់បញ្ចូលដើម្បីការពារចម្លាក់ផុសស្រាលៗនិងកម្រាល,68,1
1057,រៀងមក។,6,1
1058,ទេសចរណ៍ក៏បានផ្ដល់នូវមូលនិធិបន្ថែមខ្លះទៀតចំពោះតំហែទាំក៏ដូចជាក្នុងឆ្នាំ,69,1
1059,២០០០,4,1
1060,ប្រហែល,6,2
1061,២៨,2,1
1062,%នៃប្រាក់ចំណូលសំបុត្រឆ្លងកាត់ទីស្ថានអង្គរទាំងមូលត្រូវបានចំណាយលើប្រាសាទទាំងប៉ុន្មាននេះ,85,1
1063,ទោះបីជាកិច្ចការភាគច្រើនត្រូវបានបន្តដោយពួកក្រុមឧបត្ថម្ភដោយរដ្ឋាភិបាលបរទេសជាជាងដោយពួកអាជ្ញាធរកម្ពុជានោះ។,102,1
1064,ចាប់តាំងពីអង្គរវត្តបានមើលឃើញកំណើនយ៉ាងសំខាន់ខាងទេសចរណ៍ទាំងប៉ុន្មានឆ្នាំនេះ,73,1
1065,អ,1,7
1066,អ,1,7
1067,វ,1,2
1068,វ,1,2
1069,ស,1,7
1070,ប,1,1
1071,រឺ,2,13
1072,យូណេស្កូ,8,1
1073,និងគណៈកម្មាធិការសម្របសម្រួលអន្តរជាតិរបស់ខ្លួនដើម្បីការការពារសុវត្ថិភាពនិងអភិវឌ្ឍន៍នៃស្ថានីយប្រវត្តិសាស្ត្រអង្គរ,111,1
1074,គ,1,10
1075,ស,1,7
1076,អ,1,7
1077,រឺ,2,13
1078,ICC,3,2
1079,នៅក្នុងសមាគមដែលមានពួកអ្នកតំណាងមកពីរាជរដ្ឋាភិបាលនិងអាជ្ញាធរអប្សរា,64,1
1080,បានរៀបចំសិក្ខាសាលាជាច្រើនដើម្បីពិភាក្សានូវគំនិត,47,1
1081,ទេសចរណ៍វប្បធម៌,14,1
1082,។,1,68
1083,ដោយការចង់ចៀសវាងទេសចរណ៍ពាណិជ្ជកម្មនិងចំនួនដ៏ច្រើន,48,1
1084,សិក្ខាសាលាទាំងប៉ុន្មាននេះបានសង្កត់ធ្ងន់លើសារៈសំខាន់នៃការផ្ដល់ទីសំណាក់អាស្រ័យ,76,1
1085,និងសេវាកម្មគុណភាពខ្ពស់ជាលំដាប់ចំពោះរដ្ឋាភិបាលកម្ពុជាដើម្បីរកប្រយោជន៍ខាងសេដ្ឋកិច្ច,81,1
1086,គ្រានោះក៏មានការរួមបញ្ចូលនូវភាពសម្បូរបែបនៃវប្បធម៌ខ្មែរ។,54,1
1087,នៅឆ្នាំ,7,6
1088,២០០១,4,2
1089,អ្វីដែលជំរុញនេះបានហុចលទ្ធផលជាគំនិតនៃ,36,1
1090,ទីក្រុងទេសចរណ៍អង្គរ,19,1
1091,ដែលនឹងត្រូវបានអភិវឌ្ឍជាមួយការគោរពរាប់អានស្ថាបត្យកម្មខ្មែរ,57,1
1092,រួមមានការលំហែ,13,1
1093,និងសុខូបត្ថម្ភវត្ថុទេសចរណ៍,26,1
1094,និងផ្ដល់សណ្ឋាគារប្រណិតនានាដែលមានសមត្ថភាពជាទីស្នាក់អាស្រ័យពួកអ្នកទេសចរណ៍មួយចំនួនធំ។,82,1
1095,ការមើលឃើញនៃការអភិវឌ្ឍដូចជាទីស្នាក់អាស្រ័យទេសចរណ៍ដ៏ច្រើនបានធ្វើអោយមានកង្វល់ទាំងអប្សរា,84,1
1096,និង,3,44
1097,គ,1,10
1098,ស,1,7
1099,អ,1,7
1100,ICC,3,2
1101,អះអាងថាការអភិវឌ្ឍទេសចរណ៍ពីមុនក្នុងតំបន់នេះបានធ្វេសប្រហែសនូវនិយ័តកម្មសំណង់,73,1
1102,និងគម្រោងការទាំងនេះច្រើនទៀតមានសក្ដានុពលបំផ្លិចបំផ្លាញលក្ខណៈពិសេសៗខាងទេសភាព។,75,1
1103,ផងដែរ,5,1
1104,ទំហំធំៗនៃគ្រោងការទាំងនេះបានចាប់ផ្ដើមគំរាមកំហែងគុណភាពទឹកនៅទីប្រជុំជនជិតៗតំបន់,76,1
1105,ទឹកសំអុយ,8,1
1106,និងប្រព័ន្ធអគ្គីសនីជាច្រើន។,27,1
1107,វាត្រូវបានកត់សម្គាល់ថាដូចជាភាពញឹកញាប់នៃទេសចរណ៍ខ្ពស់,51,1
1108,និង,3,44
1109,ការទាមទារកើនឡើងសម្រាប់ទីស្នាក់អាស្រ័យគុណភាពខ្ពស់ក្នុងតំបន់នេះ,61,1
1110,ដូចជាការអភិវឌ្ឍផ្លូវជាន់ខ្ពស់ធំៗ,32,1
1111,មានការប៉ះផ្ទាល់លើតារាងទឹកក្រោមដី,32,1
1112,ដែលកំពុងតែលាតសន្ធឹងជាបន្តបន្ទាប់ដល់ស្ថេរភាពសំណង់នៃប្រាសាទជាច្រើននៅអង្គរវត្ត។,76,1
1113,ពួកអ្នកស្រុកសៀមរាបក៏បានបញ្ចេញការព្រួយបារម្ភលើធម្មជាតិដ៏ស្រស់ស្អាត,65,1
1114,និង,3,44
1115,បរិយាកាសទីប្រជុំជនរបស់ខ្លួនដែលកំពុងសម្របសម្រួលដើម្បីទទួលទេសចរណ៍។,64,1
1116,ដោយហេតុថាបរិយាកាសក្នុងស្រុកដ៏ស្រស់ស្អាតនេះគឺជាសមាសភាគគន្លឹះដើម្បីព្រាងឱ្យដូចទីក្រុងទេសចរណ៍អង្គរ,95,1
1117,ពួកមន្ត្រីរាជការក្នុងតំបន់បន្តពិភាក្សារបៀបចូលរួមទេសចរណ៍អនាគតដោយជោគជ័យដោយគ្មានការលះបង់តម្លៃ,90,1
1118,និងវប្បធម៌ក្នុងតំបន់។,21,1
1119,នៅក្នុងវេទិកាទេសចរណ៍អាស៊ាន,26,1
1120,២០១២,4,2
1121,ភាគីទាំងពីរបានយល់ស្របថាបូរ៉ូប៊ូឌួ,33,1
1122,និង,3,44
1123,អង្គរវត្តបានក្លាយជាស្ថានីយបងប្អូននិងក៏ជាខេត្តដែលនឹងក្លាយជាខេត្តបងប្អូន។,71,1
1124,អាកាសចរណ៍ឥណ្ឌូណេស៊ីពីរកំពុងពិចារណាឱកាសដើម្បីបើកការហោះហើរដោយផ្ទាល់ពីយោខយ៉ាក់ការ៉្ទា,82,1
1125,ឥណ្ឌូណេស៊ី,10,1
1126,ទៅសៀមរាប។,9,1
1127,។,1,68
1128,ប្រាសាទបន្ទាយស្រី,17,4
1129,ស្ថិតនៅក្នុងភូមិបន្ទាយស្រី,26,1
1130,ឃុំបន្ទាយស្រី,13,1
1131,ស្រុកបន្ទាយស្រី,15,1
1132,ខេត្តសៀមរាប,11,3
1133,ដែលចម្ងាយប្រមាណ,15,1
1134,៣៩,2,1
1135,គីឡូម៉ែត្រភាគខាងជើងទីរួមខេត្តសៀមរាប,35,1
1136,ឃ្លាតពីស្រះស្រង់,16,1
1137,២៧,2,2
1138,គីឡូម៉ែត្រនិងមានចំងាយ,21,1
1139,៣២,2,2
1140,គីឡូម៉ែត្រពីប្រាសាទអង្គរវត្តតាមផ្លូវឆ្ពោះទៅ,43,1
1141,ភ្នំគូលេន,9,1
1142,។ប្រាសាទបន្ទាយស្រីគឺជាប្រាង្គប្រាសាទមួយក្នុងចំណោមប្រាសាទជាច្រើននៅ,65,1
1143,ខេត្តសៀមរាប,11,3
1144,អង្គរដ៏ល្បីល្បាញនៅក្នុង,23,1
1145,ប្រទេសកម្ពុជា,13,1
1146,ក៏ដូចជានៅលើ,11,1
1147,ពិភពលោកដែរ,10,1
1148,ដែលបានទាក់ទាញភ្ញៀវទេសចរជាតិ,27,1
1149,និងអន្តរជាតិយ៉ាងច្រើនកុះករមកពីតំបន់ជាច្រើន។,43,1
1150,ក្រុមភ្ញៀវទេសចរដែលបានទៅទស្សនាប្រាង្គ,36,1
1151,ប្រាសាទអង្គរវត្ត,16,6
1152,និងប្រាសាទដទៃទៀតនៅក្នុងទឹកដីនៃ,30,1
1153,ខេត្តសៀមរាប,11,3
1154,តែងតែឆ្លៀតចំណាយពេល,18,1
1155,ធ្វើដំណើរក្នុងរយៈចម្ងាយដ៏ឆ្ងាយពីទីរួមខេត្ត,42,1
1156,។,1,68
1157,ប្រាសាទបន្ទាយស្រីមានឈ្មោះល្បី,29,1
1158,ព្រោះវាត្រូវបានសាងសង់ឡើងពី,26,1
1159,ថ្មផ្កាឈូកជាមួយ,15,1
1160,នឹងក្បាច់ចម្លាក់,16,1
1161,យ៉ាងល្អិតឆ្មាររស់រវើកជាងគេ,26,1
1162,ដោយមានតួប្រាង្គបី,17,1
1163,ដែលមានសភាពល្អឆើតឆាយដូចស្រីគ្រប់លក្ខណ៍។,38,1
1164,ប្រាសាទនេះសង់លើដីរាបស្មើមានរាងតូចច្រឡឹងដោយថ្មភក់ផ្កាឈូក,55,1
1165,និង,3,44
1166,ឥដ្ឋរាង,7,1
1167,៤,1,2
1168,ជ្រុងទ្រវែង,11,1
1169,ហើយមានគូទឹកព័ទ្ធជុំវិញ,22,1
1170,ប្រាង្គទាំងបីនៃ,15,1
1171,ប្រាសាទសង់បែរមុខទៅទិសខាងកើត,27,1
1172,ហើយប្រាង្គកណ្តាលមានតម្កល់,25,1
1173,លិង្គព្រះឥសូរ,13,1
1174,ខាងត្បូងឧទ្ទិសថ្វាយដល់ព្រហ្មញ្ញសាសនា,36,1
1175,និងខាងជើងឧទ្ទិសថ្វាយដល់ព្រះវិស្ណុ។,34,1
1176,ប្រាសាទបន្ទាយស្រីកាលដើមឡើយមានឈ្មោះថា,36,1
1177,ឥសូរបុរៈ,8,2
1178,ប្រែថា,6,2
1179,បុរីនៃឥសូរ,10,1
1180,ប៉ុនែ្តសម័យក្រោយៗមកទៀតគេហៅថា,28,1
1181,ប្រាសាទបន្ទាយស្រី,17,4
1182,ទៅវិញដោយសារតែរាងតូចច្រឡឹង,25,1
1183,និងក្បូរក្បាច់រចនាដ៏ស្រស់ស្អាត,30,1
1184,និងរស់រវើកនៅ,12,1
1185,លើផ្ទាំងថ្មពណ៌ផ្កាឈូក។,22,1
1186,មិនត្រឹមតែប៉ុណ្ណោះ,18,1
1187,ប្រាសាទនេះបានទទួលការកោតសរសើរពីភ្ញៀវទេសចរសឹងគ្រប់រូបថា,53,1
1188,ពិតជាស្រស់ស្អាត,15,1
1189,ទោះបីមានបរិវេណតូចចង្អៀត,23,1
1190,បន្តិចមែនតែទ្រង់ទ្រាយ,21,1
1191,ប្រាសាទលំអទៅដោយចម្លាក់ផ្កាភ្ញី,30,1
1192,នៃរឿងរ៉ាវដែលទាក់ទងទៅនឹងលទ្ធិទេវរាជ,34,1
1193,រឿងរាមកេរ្តិ៏ខែ្មរ,18,1
1194,មិនត្រឹមតែប៉ុណ្ណោះចម្លាក់នីមួយៗ,31,1
1195,សុទ្ធតែមានលក្ខណៈរស់រវើកបើប្រៀបធៀបទៅ,35,1
1196,នឹងប្រាសាទដទៃ។តាមឯកសារប្រវត្តិសាស្រ្តអាណាចក្រខ្មែរបានកត់ត្រាថា,62,1
1197,ប្រាសាទបន្ទាយស្រីបានកសាងឡើងក្នុងគ្រិស្តសករាជ,44,1
1198,៩៦៧,3,2
1199,ក្នុងរជកាលព្រះបាទរាជេន្ទ្រវរ្ម័នទី,34,1
1200,២,1,20
1201,គឺមុនការកសាងប្រាសាទអង្គរវត្តនិងអង្គរធំ,38,1
1202,ដោយព្រហ្មណ៍ម្នាក់ឈ្មោះ,22,1
1203,យជ្ញវរាហៈ,9,2
1204,ដែលជាព្រះគូ្ររបស់ព្រះបាទជ័យវរ្ម័នទី,35,1
1205,៥,1,8
1206,ដើម្បីឧទ្ទិសដល់ព្រហ្មញ្ញសាសនា,29,1
1207,។,1,68
1208,ប្រាសាទបន្ទាយស្រីធ្វើពីថ្មភក់ពណ៌ស៊ីជម្ពូ,40,1
1209,និងរំលេចដោយទេពអប្សរាចំនួន,25,1
1210,១៥០០,4,1
1211,អ្ហេ៎អ្នកអាន,12,1
1212,ចេះតែជឿដែរឬ,11,1
1213,ទៅមើលប្រាសាទហ្នឹងខ្លួនឯងទៅ,26,1
1214,កុំឱ្យគេបោកបាន,14,1
1215,ដែលទេពអប្សរទាំងអស់សុទ្ធតែខុសគ្នា,32,1
1216,ហើយលើសពីនេះសិលាចារឹក,20,1
1217,ផ្កាភ្ញីនៅប្រាសាទបន្ទាយស្រីមានក្បាច់ល្អលើសពីក្បាច់ចម្លាក់នៅលើ,61,1
1218,ប្រាសាទអង្គរវត្តទៅទៀតគឺដូចជាក្បាច់ដែលបានឆ្លាក់លើប្រាក់លើ,56,1
1219,ស្ពាន់ដូច្នេះដែរ,16,1
1220,។,1,68
1221,បើតាមមគ្គុទេសក៏វិញបញ្ជាក់ថា,27,1
1222,ព្រះបាទជ័យវរ្ម័នទី,18,3
1223,៥,1,8
1224,ទ្រង់ជាអ្នកកសាងប្រាសាទនេះដែលតាមសិលាចារឹថា,41,1
1225,ឥសូរបុរៈ,8,2
1226,ឈ្មោះត្រីភុវតមហេស្វរៈប្រែថា,27,1
1227,ស្ពាននព្រះឥសូរជាធំត្រៃភព,24,1
1228,ប្រែថា,6,2
1229,បុរីព្រះឥសូរ,12,1
1230,មិនមែនឈ្មោះបន្ទាយស្រីដូចយើងស្គាល់ទេ,35,1
1231,។,1,68
1232,ប្រាសាទនេះមានកំពែងថ្មបាយក្រៀមព័ទ្ធ,34,1
1233,៣,1,5
1234,ជាន់មានទីលានក្រាលថ្មវែងទៅ,25,1
1235,ទិសខាងកើត,9,1
1236,មានគោបុរៈប្រកបដោយក្បាច់វិចិត្រ,30,1
1237,នៅចំកណ្តាលទីលានមានរោងទងខ្វាត់ខ្វែងក្រឡាចត្រង្គចេញទៅខាង,54,1
1238,ជើងមួយ,6,1
1239,ចេញទៅខាងត្បូងបីសុទ្ធសឹងប្រកបដោយក្បាច់រចនាល្អវិចិត្រ,51,1
1240,។,1,68
1241,សព្វថ្ងៃនេះបាក់ធ្លាក់អស់ហើយសល់តែសរសរច្រូងច្រាងគួរអោយស្តាយ,57,1
1242,។,1,68
1243,ប្រាសាទបន្ទាយស្រីជាប្រាសាទមួយដែលមានក្បាច់រចនាយ៉ាងបញ្ចង់ឆើត,58,1
1244,ឆាយ,3,1
1245,មានសន្ទឹកភ្ញីវល្លិវិលវង់ល្អិតឆ្មាស្រស់រស់រវីក,45,1
1246,ដែលមើលទៅគួរអោយនឹកគិតឥតមានក្តីង្ស័យថា,36,1
1247,ទេវតានិមិ្មត,12,1
1248,។,1,68
1249,សន្លឹកក្បាច់មួយទងៗដែលវិលវង់មូលក្រឡង់អាចទាញភ្នែកគយគន់មើល,55,1
1250,ម្តងហើយម្តងទៀតនិងអោយឈរទ្រឹងភាំងភ្លេចខ្លួនជញ្ជក់មាត់ដោយ,54,1
1251,សេចក្តីស្ងើចថ្វីដៃសម្តែងអោយឃើញថា,32,1
1252,សម័យកសាងប្រាសាទបន្ទាយស្រីនេះជាសម័យនៃការចេះដឹងស្ទាត់ជំនាញ,56,1
1253,របស់បុព្វបុរស់ខ្មែរនាសម័យនោះ,28,1
1254,។,1,68
1255,ប្រាសាទបន្ទាយស្រីកន្លងមកត្រូវរងនូវភាពមហន្តរាយ,45,1
1256,ដោយសារតែសង្គ្រាមបានធ្វើអោយប្រាសាទបុរាណមួយនេះខូចខាតខ្ទេច,55,1
1257,ខ្ទីអស់យ៉ាងច្រើន,16,1
1258,។,1,68
1259,របងកំពែងការពារខាងក្រៅត្រូវបានគេធ្វើការជីកគាស់កាយរុករក,53,1
1260,វត្ថុបុរាណកាលពីអំឡុងប្រទេសស្ថិតនៅក្នុងសង្គ្រាម,46,1
1261,។,1,68
1262,គំនរដុំថ្មប្រាសាទត្រូវទុករាយប៉ាយនៅមុខប្រាសាទ,44,1
1263,។,1,68
1264,តួប្រាសាទខាងក្នុងមួយភាគត្រូវបាក់បែកស្រុតទ្រុឌដែលមើលទៅគួរអោយសង្វេគ,65,1
1265,។,1,68
1266,ប្រាសាទបន្ទាយស្រីមានឈ្មោះថាត្រីភូវនមហេស្វរៈ,43,1
1267,ដែលមានន័យថាម្ចាស់នៃលោកទាំងបី,28,1
1268,ស្ថាបនាឡើងក្នុងឆ្នាំ,20,1
1269,៩៦៧,3,2
1270,នៃគ្រិស្តសករាជក្នុងព្រះបាទរាជេន្ទ្រវរ្ម័នទី,43,1
1271,២,1,20
1272,៩៤៤,3,1
1273,១០០១,4,1
1274,តាមសិលាចារឹកលេខ,15,1
1275,K,1,1
1276,៨៤២,3,1
1277,នាចុងសតវត្សរ៍ទី,15,1
1278,១០,2,5
1279,។,1,68
1280,តាមរយៈសិលាចារឹកសេកតាទុយបានសរសេរថា,33,1
1281,ក្សត្រិយព្រាហ្មណ៍នេះឈ្មោះ,25,1
1282,យជ្ញវរាហៈ,9,2
1283,ប្រកបដោយចំនេះដឹងខ្ពស់ខាងវិទ្យាសាស្រ្ត,37,1
1284,ទទួលមុខងារជាសាស្រ្តាចារ្យខាងសិវនិយម,35,1
1285,និងជារាជគ្រូទីមួយនៃព្រះមហាក្សត្,31,1
1286,។,1,68
1287,សំណង់នានានៃប្រាសាទបន្ទាយស្រីរាយគ្នាសងខាងបន្ទាត់ទ្រូងមួយរត់ជួរកើតទៅលិច,69,1
1288,ហើយអាចបែកចែកជាពីរផ្នែក។,23,1
1289,ទី,2,1
1290,១,1,3
1291,ផ្តើមចេញពីខ្លោងទ្វារចុងខាងកើត,29,1
1292,ដែលមានផ្លូវមួយប្រវែងរហូតដល់ទៅ,29,1
1293,៦៧,2,1
1294,ម៉ែត្រចេញពីនោះមក។,17,1
1295,ផ្លុវដើរនេះអមដោយថែវរហូតដល់ចុងខាងលិច,35,1
1296,ទើបមានអាគារលាតប្រវែងសន្ទឹងទទឹងទៅម្ខាងៗ។,39,1
1297,នៅសង់ខាងផ្លូវដដែល,17,1
1298,តែដាច់ចេញថែវបន្តិចមានអាគារលាតទទឹងដែរគឺមួយនៅខាងជើងផ្លូវ,54,1
1299,បីទៀតនៅខាងត្បូង។,16,1
1300,ដើរតាមនេះមកតាមខ្លោងទ្វារនៃធ្លាទី,32,1
1301,៣,1,5
1302,ភ្លាម,5,1
1303,គឺយើងចេញមកផ្នែកទីពីរនៃប្រាសាទទាំងមូលហើយ។,40,1
1304,ផ្នែកនេះមានទំហំ,15,1
1305,៩៥,2,2
1306,ម៉ែត្រគុណនឹង,12,1
1307,១១០,3,1
1308,ម៉ែត្រ,6,6
1309,ហើយចែកចេញជារួត,14,1
1310,តៗគ្នាពីក្រៅទៅក្នុង។,20,1
1311,ក្នុងបរិវេណទី,13,1
1312,៣,1,5
1313,នេះមានកសិណទឹកព័ទ្ធមួយជុំសិន,27,1
1314,ទើបមកដល់ធ្លាទី,14,1
1315,២,1,20
1316,ដែលមានទំហំ,10,1
1317,៣៨,2,1
1318,ម៉ែត្រគុណ,9,1
1319,៤២,2,1
1320,មែត្រ។,6,1
1321,ឯកំពែងទី,8,1
1322,១,1,3
1323,រាប់ពីខាងក្នុង,14,1
1324,រាងបួនជ្រុងស្មើមួយជ្រុងៗប្រវែង,30,1
1325,២៣,2,1
1326,៥០,2,2
1327,ម៉ែត្រ។,7,5
1328,កំពែងនីមួយៗមានខ្លោងទ្វារនៅចំកណ្តាល,34,1
1329,ខាងកើតនិងខាងលិច។,16,1
1330,ធ្លាទី,6,1
1331,២,1,20
1332,មានសំណង់បន្ទាប់បន្សំជាខ្រើន,27,1
1333,ព្រមទាំងសំណង់ផ្សេងៗទៀតអំពីឈើ,28,1
1334,ដែលសព្វថ្ងៃបាត់បង់អស់ហើយ។,25,1
1335,ធ្លាក្នុងបង្អស់ក៏ដូចគ្នាដែរ។,28,1
1336,ក្នុងនោះមានតួប៉មកណ្តាលបីសាងនៅលើខឿនជាមួយគ្នា,43,1
1337,៩៥,2,2
1338,ម៉ែត្រ។,7,5
1339,នៅកណ្តាលមានតួប៉មមួយកម្ពស់,25,1
1340,៩,1,5
1341,៨០,2,1
1342,ម៉ែត្រ,6,6
1343,ដែលមានយ៉មួយជាមណ្ឌបលយចេញមកខាងមុខ,31,1
1344,និងហោត្រៃបែរទៅទិសខាងលិចនៅសងខាងមុខក្រុមប៉មទាំងបី,47,1
1345,។,1,68
1346,បន្ទាយស្រីជាឈ្មោះនៃរចនាបថប្រាសាទមួយ,35,1
1347,ដែលជួនកាលគេភ្ជាប់ទៅនឹងរចនាបថប្រែរូបផងដែរ,40,1
1348,ព្រោះរចនាបថទាំងពីរនេះស្ថិតនៅក្នុងសម័យកាលប្រហាក់ប្រហែលគ្នា,57,1
1349,តែយ៉ាងណារចនាបថបន្ទាយស្រីមានលក្ខណៈពិសេសលើសគេនៅត្រង់ក្បាច់លម្អនោះ,63,1
1350,គេសម្រេចចិត្តដាក់ឈ្មោះតែឯងនោះទៅ។,32,1
1351,មានប្រាសាទតិចតួចណាស់,20,1
1352,ដែលគេបញ្ចូលក្នុងរចនាបថបន្ទាយស្រី។,33,1
1353,ទាំងអស់មានប្រាំ,15,1
1354,ហើយសុទ្ធតែនៅក្នុងខេត្តសៀមរាបមានដូចជា,36,1
1355,ប្រាសាទស្រឡៅ,12,1
1356,ប្រាសាទត្រពាំងខ្យង,18,1
1357,ប្រាសាទសេកតាទុយ,15,1
1358,និងប្រាសាទតូចមួយដែលគេចាត់ទុកក្នុងរចនាបថបន្ទាយស្រី,49,1
1359,ស្ថិតនៅខាងកើតប្រាសាទឃ្លាំងខាងជើង,32,1
1360,និងតួប៉មកណ្តាលប្រាសាទតុបខាងលិច,30,1
1361,ដែលប្រាសាទទាំងពីរស្ថិតនៅក្នុងរាជធានីអង្គរធំ។,44,1
1362,មានតែប្រាសាទក្រោយនេះទេ,22,1
1363,ដែលសង់អំពីថ្មភក់,16,1
1364,ប្រាសាទឯទៀតសង់អំពីឥដ្ធដោយមានផ្តែរ,33,1
1365,និងគ្រឿងលម្អឯទៀតឆ្លាក់លើថ្មភក់ជាធម្មតា,38,1
1366,ហើយដែលខ្លះទៀតគេយកមកដាក់តាំងនៅសារមន្ទីរនានា,42,1
1367,។,1,68
1368,ដើម្បីពិនិត្យឱ្យយល់អំពីស្ថានភាពក្រុមBSCPរៀបចំកម្មវិធីកំណាយជាលក្ខណៈទ្រង់ទ្រាយធំមួយតាមបុរាណវិទ្យា។,96,1
1369,ក្រៅពីទិន្នន័យបានមកពីស្ថានភាពគ្រឹះប៉មនានា,41,1
1370,និងអំពីប្រព័ន្ធបង្ហូរទឹក,24,1
1371,ហើយដែលធ្វើឱ្យយល់មូលហេតុនៃការទ្រុឌទ្រោមនោះគេបានប្រទះឃើញវត្ថុព្រមទាំងស្លាកស្នាមបុរាណជាច្រើនទៀត។,93,1
1372,ពេលរើកម្រាលទីធ្លាខាងក្នុងគេប្រទះឃើញរន្ធបង្គោលឬសសសរមួយចំនួន,58,1
1373,បង្ហាញថាពីមុនមកមានអាគារអំពីឈើបន្ថែមលើសំណង់ថ្មនៃប្រាសាទនេះ។,58,1
1374,មើលទៅប្រហែលអាគារឈើនេះ,21,1
1375,សម្រាប់បម្រើការបូជា,19,1
1376,តែនេះគ្រាន់តែជាការស្មាននៅឡើយ។,29,1
1377,កម្រាលថ្មនៅធ្លាខាងក្នុងស្រុតដោយកន្លែងធ្វើឱ្យគេឃើញវត្ថិថ្មីទៀត,61,1
1378,ដែលកាលពីពេលឆ្ការព្រៃស្តារប្រាសាទ,32,1
1379,ព្រមទាំងពេលជួសជុលក្រោយមកនោះ,27,1
1380,ពុំបានប្រទះដូចជាថ្មចម្លាក់ទាំងដុំៗ,34,1
1381,បំណែកចម្លាក់ខ្លះ,16,1
1382,ចម្លាក់សម្រាប់បញ្ចាំងប៉ម,24,1
1383,និងក្បាលរូបឆ្មាំប្រាសាទមួយផង,28,1
1384,។,1,68
1385,តាំងពីដើមរៀងមក,14,1
1386,ដំបូលប៉ម,8,1
1387,និងហោត្រៃតែងតែសងដោយតម្រៀបថ្ម,28,1
1388,ឬឥដ្ធលាយគ្នាលយចេញពីមួយទៅមួយឡើងទៅលើ។,35,1
1389,យូរបន្តិចទាល់តែមកដល់ចុងសតវត្សរ៍ទី,33,1
1390,១០,2,5
1391,ទើបបច្ចេកទេសនេះរាលដាលយកមកសង់ជាដំបូលរោងទងនានា,44,1
1392,ដែលមានកំណើតមកពីពេលនោះមក។,24,1
1393,បច្ចេកទេសដំបូលនេះមានលក្ខណៈងាយស្រួល,34,1
1394,តែពុំសូវសុក្រឹតទេ,17,1
1395,កាលណាដំបូលនោះធំរាងកោងរាងមូលពាក់កណ្តាល។,38,1
1396,កាលសម័យមុនអង្គរ,15,1
1397,ដោយសារតួប៉មច្រើនតែជាឥដ្ធ,24,1
1398,ដំបូលប្រើបច្ចេកទេសនេះក៏ជាឥដ្ធ,29,1
1399,តែនៅសម័យអង្គរគេនិយមថ្មភក់ឃើញថាប្រាសាទបន្ទាយស្រី,47,1
1400,ក៏ដូចសំណង់ឯទៀតនៅក្នុងរជ្ជកាលព្រះបាទរាជេន្ទ្រវរ្ម័នដែរ,53,1
1401,បានងាកមករកឥដ្ឋវិញ។,18,1
1402,ប្រាសាទបន្ទាយស្រីហាក់មានការដ្ឋានពិសោធន៍មួយនៅសម័យនោះ,51,1
1403,ត្បិតរបៀបធ្វើដំបូលដែលខ្មែរអនុវត្តន៍ទាំងប៉ុន្មានមាននៅទីនោះ។,58,1
1404,អគារទ្រវែង,10,1
1405,និងថែវសុទ្ធតែមានគ្រោងឈើ,23,1
1406,និងប្រក់ក្បឿងដែលមេជាងស្គាល់ជាទូទៅធម្មតា។,40,1
1407,បើហោត្រៃទាំងពីរ,15,1
1408,ព្រមទាំងយ៉ប៉មទាំងកណ្តាលវិញប្រក់ឥដ្ធតាមរបៀបលយចេញពីក្រោមទៅលើដូចបាននិយាយពីមុន។,75,1
1409,រីឯក្រុមប៉មកណ្តាល,17,1
1410,ខ្លោងទ្វារខាងកើតទី,18,1
1411,១,1,3
1412,យ៉ខ្លោងទ្វារខ្លះនៅកំពែងទី,25,1
1413,២,1,20
1414,គឺប្រក់របៀបលយលើគ្នាដែរ,22,1
1415,តែវត្ថុធាតុជាថ្មភក់។,20,1
1416,ចាប់ពីខ្មែរចាបកាន់ព្រះពុទ្ធសាសនាថេរវាទរវាងសតវត្សរ៍ទី,52,1
1417,១៤,2,1
1418,មក,2,1
1419,របៀបប្រក់ថ្មនេះក៏ត្រូវបានបោះបង់ចោលទៅ,36,1
1420,ហើយគេក៏និយមប្រើគ្រោងដំបូលឈើប្រក់ក្បឿងវិញ,40,1
1421,ព្រោះគេអាចធ្វើដំបូលធំ,21,1
1422,គ្រប់ដណ្តប់លើអគារដែលមានលំហទូលំទូលាយសម្រាប់មនុស្សមកធ្ចើបុណ្យបូជាព្រះពុទ្ធអង្គបាន,79,1
1423,។,1,68
1424,ជាប្រពៃណីរៀងមក,14,1
1425,ស្ថាបត្យករខ្មែរពូកែការជាងឈើមិនថាគ្រឿងគ្រោង,42,1
1426,ឬគ្រឿងបិទបាំងនោះទេ។,19,1
1427,លំណៅទូទៅ,8,1
1428,រាប់បញ្ចូលទាំងព្រះរាជវាំងផងសង់អំពីឈើទាំងអស់មានន័យសំណង់ទាំងឡាយជាឈើ,65,1
1429,ប៉ុន្តែគ្មានអ្វីមួយនៅសល់មកដល់យើងឡើយ។,36,1
1430,សំណង់ថ្មឆ្លុះបញ្ចាំងប្រពៃណីស្ថាបត្យកម្មឈើនេះឯង។,47,1
1431,ធ្លាប់ផ្គុំឈើរបៀបណាក៏យករបៀបដដែលមកអនុវត្ថន៍លើថ្ម។,48,1
1432,រហូតដល់សតវត្សរ៍ទី,17,1
1433,១២,2,13
1434,គ្រោងទ្វារបង្អួចផ្គុំគ្នាតាមបង្គុំឈើ,36,1
1435,ដែលមានមុំ,9,1
1436,៤៥,2,1
1437,អង្សាយកមកញាតបញ្ចូលគ្នា។,23,1
1438,សសរ,3,2
1439,និងចម្រឹងជើងទៀននៃបង្អួចសុទ្ធសឹងយកមកបញ្ចូលបន្ទះថ្មមេ,51,1
1440,ដោយប្រើដំណាប់ញីឈ្មោល។,21,1
1441,ជើងទៀនទាំងនេះសុទ្ធសឹងក្រឡឹងមិនខុសពីចម្រឹងទ្វារជើងទៀនឈើឡើយ។,58,1
1442,សូម្បីតែគ្រឿងក្នុងក៏ឥទ្ធិពលឈើជះមកលើថ្មដែរ។,42,1
1443,ប្រាសាទបន្ទាយស្រី,17,4
1444,ដែលសាងឡើងនៃផ្នែកទី,18,1
1445,២,1,20
1446,នៃសតវត្សរ៍ទី,12,1
1447,១០,2,5
1448,នេះឆ្លុះបញ្ចាំងឃើញច្បាស់ណាស់,28,1
1449,អំពីការអនុវត្ថន៍ទាំថស្រុងនៃបច្ចេកទេសឈើទៅលើថ្ម,45,1
1450,ក្រោយមកនៅសម័យបាយ័ននាចុងសតវត្សរ៍ទី,33,1
1451,១២,2,13
1452,គេបោះបង់ការចម្លងនេះច្រើន,24,1
1453,ដើម្បីចំណេញ,11,1
1454,ត្បិតកម្មវិធីសាង់សង់នៃព្រះបាទជ័យវរ្ម័នទី,40,1
1455,៧,1,3
1456,ធំធេងណាស់,9,1
1457,។,1,68
1458,ថ្មភក់ប្រើនៅតំបន់អង្គរ,22,1
1459,គេយកមកពីជើងភ្នំគូលែនដែលស្ថិតនៅរវាងប្រមាណ,40,1
1460,៣០,2,2
1461,គីឡូម៉ែត្រពីឧទ្យានបុរាណ។,24,1
1462,គេឃើញមានកន្លែងយលថ្មផ្សេងៗ,25,1
1463,ជាអាទិ៍នៅខាងជើងប្រាសាទបេងមាលា។,30,1
1464,គេមានប្រទះឃើញខ្លះដែរ,20,1
1465,កន្លែងមានថ្មពណ៌ផ្កាឈូកនេះ,25,1
1466,តែមានសមាសភាពលម្អិតនៃថ្មនោះមិនដូចថ្មនៅបន្ទាយស្រីឡើយ។,51,1
1467,ខ្ពង់រាបជួរភ្នំគូលែននៅមានស្រទាបផ្នែកខាងលើ,41,1
1468,មានថ្មពណ៌ផ្កាឈូកកម្រាស់ប្រមាណ,29,1
1469,២០,2,5
1470,ម៉ែត្រ។,7,5
1471,ថ្មនេះហើយ,9,1
1472,ដែលគេយកមកសាង់សង់ប្រាសាទបន្ទាយស្រីគឺមានទីទាំងស្ថិតនៅក្បែរភ្នំដី,62,1
1473,ដែលមានទីតាំងស្ថិតនៅក្បែរប្រាសាទបន្ទាយស្រីនេះ,44,1
1474,គេប្រទះឃើញអន្លុងជម្រៅប្រមាណ,27,1
1475,១០,2,5
1476,មែ៉ត្រនៅក្បែរជើងភ្នំដីពោលមានចម្ងាយប្រមាណ,40,1
1477,៣,1,5
1478,គីឡូម៉ែត្រពីប្រាសាទបន្ទាយស្រី,29,1
1479,ចំណែកថ្មបាយក្រៀមក៏បានយកពីទីតាំងក្បែរនោះផងដែរ,44,1
1480,។,1,68
1481,ខេត្តសៀមរាបជាខេត្តមួយដែលមានទីតាំងនៅភាគខាងពាយ័ព្យនៃប្រទេសកម្ពុជា,63,1
1482,ដែលមានទីតាំងស្ថិតនៅក្បែរបឹងទន្លេសាប។,36,1
1483,ទីរួមខេត្តរបស់ខេត្តសៀមរាបនេះគឺ,30,1
1484,ក្រុងសៀមរាប។,12,1
1485,ខេត្តសៀមរាបត្រូវបានដាក់ឈ្មោះបែបនេះដើម្បី,40,1
1486,រំលឹកដល់ជ័យជំនះនៅកងទ័ពខ្មែរលើកងទ័ពសៀមនៅសម័យលង្វែកសតវត្ស,55,1
1487,១៦,2,7
1488,។,1,68
1489,សព្វថ្ងៃខេត្តសៀមរាបត្រូវបានគេស្គាល់ទូទាំងពិភពលោកថាជាខេត្តតាំងនៅនៃប្រាសាទអង្គរវត្តដ៏ល្បីល្បាញ។,93,1
1490,ខេត្តសៀមរាបស្ថិតនៅភាគពាយ័ព្យនៃប្រទេសកម្ពុជា។,44,1
1491,ខេត្តនេះជាតំបន់ទេសចរណ៍ដ៍សំខាន់របស់ប្រទេសកម្ពុជា,47,1
1492,ដោយសារខេត្តនេះមានប្រាសាទអង្គរវត្ត,33,1
1493,ដ៏ល្បីល្បាញ,11,1
1494,និងប្រាសាទបុរាណដទៃទៀតជាច្រើន។,29,1
1495,ថ្មីៗនេះ,8,1
1496,ក្រុងសៀមរាបកំពុងប្រែក្លាយរូបរាងជាក្រុងទំនើបតាមរយៈកំណើនសណ្ឋាគារ,62,1
1497,ភោជនីយដ្ឋាន,11,1
1498,ហាងលក់ទំនិញ,11,1
1499,ជាដើមដែលបម្រើឱ្យវិស័យទេសចរណ៍។,29,1
1500,រមណីយដ្ឋានផ្សេងទៀតដែលនៅក្បែរក្រុងសៀមរាបមានរាជធានីអង្គរធំ,56,1
1501,ប្រាសាទអង្គរវត្ត,16,6
1502,ប្រាសាទបាយ័ន,12,1
1503,ប្រាសាទភ្នំបាខែង,16,1
1504,ប្រាសាទបក្សីចាំក្រុង,20,1
1505,ប្រាសាទបាពួន,12,1
1506,ប្រាសាទភិមានអាកាស,17,1
1507,ប្រាសាទបន្ទាយស្រី,17,4
1508,ប្រាសាទតាព្រហ្ម,15,1
1509,និងប្រាសាទរាប់រយផ្សេងទៀត។,25,1
1510,តំបន់អង្គរត្រូវបានរងការលុកលុយជាច្រើនដងពីពួកសៀម,46,1
1511,ហើយទីបំផុតរាជធានីអង្គរត្រូវបានបោះបង់នៅឆ្នាំ,43,1
1512,១៤៣១,4,2
1513,។,1,68
1514,គួររំលឹកផងដែរថា,15,1
1515,រាជធានីរបស់ប្រទេសកម្ពុជាត្រូវបានពីប្តូរពីអង្គរទៅរាជធានីចតុមុខនៅឆ្នាំ,68,1
1516,១៤៣២,4,1
1517,រួចទៅបន្ទាយលង្វែក,17,1
1518,និង,3,44
1519,រាជធានីឧដុង្គ,13,1
1520,និងត្រលប់ទៅរាជធានីចតុមុខវិញនៅឆ្នាំ,34,1
1521,១៨៦៦,4,1
1522,។,1,68
1523,ជនជាតិបទេស,10,1
1524,ដែលបានមកដល់ប្រាសាទអង្គរវត្តមុនគេគឺអ្នករុករកជនជាតិបារាំង,55,1
1525,លោក,3,1
1526,ហង់រី,5,2
1527,មូហូ,4,1
1528,Henri,5,3
1529,Mouhot,6,3
1530,ក្នុងឆ្នាំ,10,2
1531,១៨៦០,4,3
1532,។,1,68
1533,តំបន់សៀមរាបអង្គរគឺជាគោលដៅចម្បងសម្រាប់ភ្ញៀវទេសចរទូទាំងពិភពលោក,60,1
1534,ហើយក៏ជាតំបនដែលសម្បូរណ៍ទៅដោយសំណង់ប្រាសាទបុរាណតូចធំជាច្រើន,56,1
1535,ដែលជាទីស្ថានរបស់ពពួកអាទិទេពទាំងឡាយទាំងពួងផងដែរ។,47,1
1536,នៅទាំងខេត្តសៀមរាបទាំងមូល,24,1
1537,មានអត្រាប្រជាជនសរុបចំនួន,24,1
1538,៩២០,3,1
1539,១២៣,3,1
1540,នាក់។,5,2
1541,ក្នុងនោះអ្នកដែលរស់ក្នុងក្រុងសៀមរាបមានចំនួន,42,1
1542,១៩៧,3,1
1543,៣០១,3,1
1544,នាក់។,5,2
1545,ខេត្តសៀមរាបទាំងមូលមានផ្ទៃក្រឡាចំនួន,35,1
1546,១០,2,5
1547,២៩៩,3,1
1548,គីឡូម៉ែត្រការ៉េ,15,1
1549,មានក្រុងចំនួនមួយ,16,1
1550,ស្រុកមានចំនួន,13,1
1551,១១,2,2
1552,ឃុំមានចំនួន,11,1
1553,៨៧,2,1
1554,សង្កាត់ចំនួន,12,1
1555,១៣,2,6
1556,និងភូមិចំនួន,12,1
1557,៨៧៥,3,1
1558,។,1,68
1559,ប្រជាជនដែលរស់នៅក្រុងសៀមរាបភាគច្រើនជាអ្នកផ្លាស់ទីលំនៅមកពីកន្លែងផ្សេងៗរបស់ប្រទេសកម្ពុជាដូចជា,90,1
1560,រាជធានីភ្នំពេញ,14,1
1561,ខេត្តកណ្តាល,11,1
1562,ខេត្តកំពង់ចាម,13,2
1563,បន្ទាយមានជ័យ,12,1
1564,ខេត្តបាត់ដំបង,13,1
1565,និងខេត្តពោធិ៍សាត់ជាដើម។,23,1
1566,សៀមរាបគឺជាតំបន់គោលដៅទេសចរណ៍។,28,1
1567,ខេត្តសៀមរាបជាខេត្តមួយស្ថិតនៅតំបន់ពាយ័ព្យ,40,1
1568,នៃប្រទេសកម្ពុជា,15,1
1569,តាមបណ្តោយផ្លូវជាតិលេខ,21,1
1570,៦,1,3
1571,ដែលមានចំងាយប្រវែង,17,1
1572,៣១៤,3,1
1573,គ,1,10
1574,ម,1,14
1575,ពីរាជធានីភ្នំពេញ,16,1
1576,មានពំ្រប្រទល់ខាងកើតជាប់នឹងខេត្តកំពង់ធំ,38,1
1577,និងខេត្តព្រះវិហារខាងលិចជាប់នឹងខេត្តបន្ទាយមានជ័យ,47,1
1578,ខាងជើងជាប់នឹងខេត្តឧត្តរមានជ័យ,29,1
1579,និងខេត្តព្រះវិហារ,17,1
1580,និងខាងត្បូងជាប់នឹងខេត្តបាត់ដំបង,31,1
1581,និងបឹងទន្លេសាប,14,1
1582,។,1,68
1583,ព្រំប្រទល់ជាប់បឹងទន្លេសាបមានប្រវែង,34,1
1584,៨២,2,1
1585,គ,1,10
1586,ម,1,14
1587,ដែលស្ថិតនៅជាប់ស្រុកជីក្រែង,26,1
1588,ស្រុកសូត្រនិគម,14,1
1589,ស្រុកប្រាសាទបាគង,16,1
1590,ស្រុកសៀមរាប,11,1
1591,ស្រុកពួក,8,1
1592,និងស្រុកក្រឡាញ់។,16,1
1593,ស្របតាមលក្ខណៈភូមិសាស្ត្រនៃតំបន់,31,1
1594,និងនិយមនៃសីតុណ្ហភាព,19,1
1595,ការហួតហែង,9,1
1596,សំនើម,5,1
1597,ភាពរាំងស្ងួត,12,1
1598,និងជំនន់,8,1
1599,យើងអាចបែងចែកតំបន់ទាំងនេះជាបីផ្នែកគឺ,35,1
1600,ផ្នែកខាងលើមាន,13,1
1601,១៣,2,6
1602,ឃុំ,3,4
1603,ផ្នែកកណ្តាលមាន,14,1
1604,៦៩,2,1
1605,ឃុំ,3,4
1606,និងផ្នែកខាងក្រោមជាប់នឹងបឹងទន្លេសាបមាន,37,1
1607,១៨,2,2
1608,ឃុំ។,4,1
1609,តំបន់ខាងលើសំបូរទៅដោយព្រៃភ្នំមានសណ្ឋានដូចជាដីទូលឬខ្ពង់រាប,56,1
1610,ខ្វះខាតទឹក,10,1
1611,និងជួបប្រទះគ្រោះរាំងស្ងួតញឹកញាប់តំបន់កណ្តាលជាវាលស្រែល្វឹងល្វើយ,62,1
1612,និងលំនៅឋានព្រមទាំងប្រាង្គប្រាសាទនានា,36,1
1613,និងតំបន់ក្រោមជាវាលទំនាបរងទឹកជំនន់រៀងរាល់ឆ្នាំ។,46,1
1614,ជាតំបន់ជលវេគពេលណាមានភ្លៀងធ្លាក់ជន់លិចលង់,40,1
1615,ពេលណាគ្មានភ្លៀងស្ងួតហួតហែង,26,1
1616,មានផ្ទៃក្រលាសរុបប្រមាណ,22,1
1617,១២,2,13
1618,០១៥,3,1
1619,គ,1,10
1620,ម,1,14
1621,២,1,20
1622,ចែកចេញជា,8,1
1623,១២,2,13
1624,ក្រុងស្រុក,10,1
1625,១០០,3,4
1626,ឃុំ,3,4
1627,និង,3,44
1628,៩០៧,3,2
1629,ភូមិ,4,2
1630,ដោយមានប្រជាជនសរុប,17,1
1631,៧៣៣,3,1
1632,៨៨២,3,1
1633,នាក់,4,3
1634,ត្រូវជា,7,1
1635,៦,1,3
1636,០៩,2,1
1637,%,1,3
1638,នៃប្រជាជនសរុបទូទាំងប្រទេស។,26,1
1639,មុខរបរសំខាន់នៃផ្នែកទាំងបីនេះមានភាពខុសៗគ្នាពោលគឺ៖,48,1
1640,ក,1,1
1641,ខាងលើធ្វើស្រូវចំការ,19,1
1642,និងរុករកអនុផលព្រៃឈើ,19,1
1643,ខ,1,1
1644,កណ្តាលធ្វើស្រែនិងសេវាកម្មផ្សេងៗ,31,1
1645,គ,1,10
1646,ខាងក្រោមធ្វើស្រែនិងចំការដំនាំតាមរដូវ,36,1
1647,និងប្រកបអាជីវកម្មនេសាទ។,23,1
1648,ជាទូទៅខេត្តសៀមរាបមានចរិតជាតំបន់ជនបទ។,36,1
1649,ប្រជាជនប្រមាណ,13,2
1650,៧០,2,1
1651,%,1,3
1652,រស់នៅតាមទីជនបទឆ្ងាយពីក្រុងដែលផ្អែកលើមុខរបរកសិកម្មជាអាជីព។,57,1
1653,ប្រជាជនប្រមាណ,13,2
1654,១៨,2,2
1655,%,1,3
1656,រស់នៅតាមតំបន់ជាប់បឹងទន្លេសាបផ្អែកលើអាជីវកម្មនេសាទនិងធ្វើចំការដំនាំផ្សេងៗ,72,1
1657,និង,3,44
1658,១២,2,13
1659,%ទៀតរស់នៅតាមទីប្រជុំជន,22,1
1660,និងក្រុងដែលមានមុខរបរពាណិជ្ជកម្ម,31,1
1661,ទេសចរណ៍,7,1
1662,និងបុគ្គលិករដ្ឋ។,16,1
1663,ខេត្តសៀមរាបចែកចេញជា,19,1
1664,១២,2,13
1665,ស្រុក,5,1
1666,១០០,3,4
1667,ឃុំ,3,4
1668,និង,3,44
1669,៩០៧,3,2
1670,ភូមិ,4,2
1671,តាមប្រវត្តិសាស្ដ្រ,18,1
1672,ទឹកដីខេត្តសៀមរាបជាតំបន់រាជធានីរបស់ចក្រភពខ្មែរអំឡុងពីសតវត្សទី,60,1
1673,៩,1,5
1674,ដល់សតវត្សរ៍ទី,13,1
1675,១៣,2,6
1676,។,1,68
1677,ដោយសារមូលហេតុខាងលើនេះហើយទើបរហូតមកទល់បច្ចុប្បន្ននេះគេនៅឃើញមានប្រាសាទយ៉ាងច្រើនស្អេកស្កះតំរៀបគ្នានៅក្នុងទឺកដីដ៏បវរនៃខេត្តសៀមរាប។,125,1
1678,ប្រាសាទទាំងឡាយនៅតំបន់អង្គរ,26,1
1679,ដែលមានឈ្មោះល្បីទូទាំងពិភពលោកគឺ,30,1
1680,ស្ថិតនៅប៉ែកពាយ័ព្យនៃប្រទេសកម្ពុជាក្នុងខេត្តសៀមរាប,49,1
1681,ដែលគ្របដណ្តប់ដោយផ្ទៃក្រលា,25,1
1682,៦០០,3,1
1683,គ,1,10
1684,មការ៉េ។,7,1
1685,សព្វថ្ងៃប្រាសាទចំនួនជាង,23,1
1686,១០០,3,4
1687,ត្រូវបានរកឃើញ។,14,1
1688,ប្រាសាទទាំងឡាយ,14,1
1689,ត្រូវបានកសាងឡើងរវាងសតវត្សទី,27,1
1690,៩,1,5
1691,និងទី,5,1
1692,១៣,2,6
1693,។,1,68
1694,កម្មវិធីកសាងឥតឈប់ឈរត្រូវបានប្រកាន់ដោយព្រះរាជាខ្មែរជាបន្តបន្ទាប់,63,1
1695,អាចប្រៀបធៀបបានទៅនឹងសំនង់រាងជាពីរ៉ាមីតដោយព្រះចៅផារ៉ាអុងក្នុង,59,1
1696,ប្រទេសអេហ្សីប។,14,1
1697,ព្រះរាជាខ្មែរបានសាងសង់ប្រាសាទទាំងនេះ,36,1
1698,ដោយប្រើកំលាំងទាសករយ៉ាងច្រើន,27,1
1699,តាមការប៉ាន់ស្មាន,16,1
1700,ការធ្វើសំនង់ថ្មីនីមួយៗអាចប្រើមនុស្សប្រហែល,41,1
1701,៧៥០,3,1
1702,០០០,3,1
1703,នាក់,4,3
1704,ក្នុងអំឡុងសតវត្សទី,18,1
1705,១២,2,13
1706,និង,3,44
1707,១៣,2,6
1708,។,1,68
1709,ទោះបីជាបន្សល់ទុកនូវ,19,1
1710,ប្រាសាទជាច្រើនក៏ដោយ,19,1
1711,សព្វថ្ងៃនេះគឺមានភស្តុតាងបន្តិចបន្តួចចំពោះមនុស្សដែលរស់នថាប្រាកដជាទីក្រុងមួយដែលជាងគេនៅលើផែនដីនាពេលនោះ។,100,1
1712,អ្នកដំនើរព័រទុយហ្គាល់ត្រូវបានគេជឿថាជាជនស្ចឹមប្រទេសដំបូងគេដែលបានសំលឹងមិនដាក់ភ្នែកទៅលើភាពអស្ចារ្យនៃប្រាសាទអង្គរ,109,1
1713,នាពេលទស្សនាក្នុងអំឡុងសតវត្សទី,29,1
1714,១៦,2,7
1715,។,1,68
1716,ទោះបីយ៉ាងណាក៏ដោយ,16,1
1717,កិត្តិយសធំបំផុតចំពោះការរកឃើញអង្គរបានធ្លាក់ទៅអ្នកភូមិសាស្ដ្រជនជាតិបារាំងឈ្មោះ,76,1
1718,ហង់រី,5,2
1719,មូហូត,5,1
1720,Henri,5,3
1721,Mouhot,6,3
1722,ដែលបានមកទស្សនាអង្គរឆ្នាំ,24,1
1723,១៨៦០,4,3
1724,ដែលបានតំកល់ទុកនូវឯកសារនាទីក្រុងប៉ារីសក្រាយមរណភាពក្នុងឆ្នាំ,58,1
1725,១៨៦៨,4,1
1726,។,1,68
1727,ក្នុងសតវត្សទី,13,1
1728,១៩,2,2
1729,និង,3,44
1730,២០,2,5
1731,បេសកកម្មរបស់បារាំងជាច្រើនបានមកទស្សនាប្រាសាទ,43,1
1732,និង,3,44
1733,ធ្វើការកាប់ឆ្ការសំអាតព្រៃពីប្រាសាទ,34,1
1734,ហើយដែលបានប្រមូលនូវឯកសារយ៉ាងច្រើនបំផុត។,38,1
1735,ក្នុងឆ្នាំ,10,2
1736,១៩០៧,4,1
1737,ប្រទេសថៃ,8,1
1738,បានប្រគល់ទឹកដីអង្គរមកអោយខ្មែរគ្រប់គ្រងវិញ,41,1
1739,ហើយនៅក្នុងនាំនោះហើយដែលភ្ញៀវទេសចរបានមកទស្សនាជាលើកដំបូង។,54,1
1740,ប្រសិនបើពេលមានកំនត់អ្នកទស្សនាអាចជ្រើសរើសតាមវង់តូចដែលរួមមានទីក្រុងរបស់ស្តេច,74,1
1741,គឺអង្គរធំដែលមានប្រាសាទជាច្រើន,29,1
1742,ប្រាសាទអង្គរវត្ត,16,6
1743,ស្រះស្រង់,9,1
1744,និងរមណីយដ្ឋានជាច្រើនទៀត។,24,1
1745,ការបន្តដំនើរទស្សនាទៅវង់ធំគេនឹងបានឃើញប្រាសាទមួយចំនួនផ្សេងទៀតនិងបារាយណ៍នៅសម័យអង្គរ។,81,1
1746,ប្រសិនបើពេលវេលាអនុញ្ញាតិ,24,1
1747,ភ្ញៀវទេសចរអាចទស្សនាប្រាសាទល្បីឈ្មោះដូចជាប្រាសាទបន្ទាយស្រី,57,1
1748,ឬប្រាសាទបន្ទាយសំរ៉ែ,19,1
1749,ដែលស្ថិតនៅឆ្ងាយពីប្រាសាទនៅតំបន់អង្គរបន្តិច។,43,1
1750,អ្នកស្រាវជ្រាវខាងប្រវត្តិវិទ្យា,31,1
1751,និងបុរាណវិទ្យាជាច្រើន,21,1
1752,បានអះអាងថាប្រវត្តិសាស្រ្តនៃតំបន់សៀមរាប,38,1
1753,អង្គរបានចាប់ផ្តើមឡើងនៅ,22,1
1754,ឆ្នាំ,5,1
1755,៨០២,3,4
1756,នៃគ្រិស្តសករាជក្នុងរជ្ជកាលព្រះបាទជ័យវរ្ម័នទី,44,1
1757,២,1,20
1758,ក្រោយពី,7,1
1759,ព្រះមហាក្សត្រអង្គនេះបានយាងមកពី,30,1
1760,ប្រទេសជ្វានៅឆ្នាំ,17,1
1761,៨០០,3,1
1762,នៃគ្រិស្តសករាជ។,15,2
1763,តាមឯកសារខាងលើបានឲ្យដឹងថា,24,1
1764,ព្រះបាទជ័យវរ្ម័នទី,18,3
1765,២,1,20
1766,កាលក្នុងដំណាក់កាលទី,19,1
1767,២,1,20
1768,ទ្រង់គង់នៅ,10,1
1769,ទីក្រុងឥន្រ្ទបុរៈ,17,1
1770,នៅ,2,1
1771,ខេត្តកំពង់ចាម,13,2
1772,បន្ទាប់មកគង់នៅលើ,16,1
1773,ភ្នំគូលែន,9,1
1774,និង,3,44
1775,ចុងក្រោយបំផុតទ្រង់គង់នៅ,23,1
1776,ទីក្រុងហរិហរាល័យឬ,17,1
1777,ទីក្រុងរលួស,11,1
1778,ដែលជារាជធានីដើមនា,17,1
1779,សម័យអង្គរ។,10,1
1780,លោកបណ្ឌិតមីសែល,14,2
1781,ត្រាណេបានមានប្រសាសន៍ឲ្យដឹងថា,28,1
1782,វប្បធអង្គរបានផ្តើមឡើង,21,1
1783,នៅក្នុងឆ្នាំ,12,1
1784,៨០២,3,4
1785,នៃគ្រិស្តសករាជ,14,1
1786,គឺនៅពេលដែល,10,1
1787,ព្រះបាទជ័យវរ្ម័នទី,18,3
1788,២,1,20
1789,បានអភិសេកជាព្រះមហាក្សត្រ,24,1
1790,នៅលើ,4,1
1791,ភ្នំគូលែន។,10,1
1792,ការអភិសេករបស់ទ្រង់,18,1
1793,គឺឈរលើមូលដ្ឋាន,14,1
1794,នៃពិធីទេវរាជ,12,1
1795,ដែលបានផ្តល់,11,1
1796,ចំពោះ,5,1
1797,ព្រះអង្គនូវ,11,1
1798,មហិទ្ធិប្ញទ្ធិ,14,1
1799,ដើម្បីធ្វើការ,13,1
1800,បង្រួបបង្រួមជាតិ,16,1
1801,។,1,68
1802,ការអះអាងបានបង្អាញឲ្យដឹងទៀតថា,28,1
1803,វប្បធម៌‌សម័យបុរេអង្គរ,21,1
1804,មុនអង្គរ,8,1
1805,គឺ,2,3
1806,ឯកសារ,5,1
1807,មួយចំនួនបាន,11,1
1808,ផែ្អកតាមកំណត់ហេតុ,17,1
1809,ចិន។,4,1
1810,ឯកសាររបស់គេបាន,14,1
1811,សំអាងលើកំណត់ត្រាផង,18,1
1812,និង,3,44
1813,ស្ថាបត្យកម្មប្រាង្គប្រាសាទមួយចំនួនផង,36,1
1814,។,1,68
1815,ឯព្រឹត្តិការណ៍,14,1
1816,ដែលគួរឲ្យកត់សម្គាល់,19,1
1817,ជាខ្លាំងមួយទៀត,14,1
1818,គឺក្នុងអំឡុង,12,1
1819,សម័យចេនឡា,9,1
1820,នៅលើទឹកដីបវរនៃ,14,1
1821,ខេត្តសៀមរាបអង្គរ។,17,1
1822,កំណត់ហេតុ,9,1
1823,ចិនបានឲ្យដឹងថា,14,1
1824,ទីក្រុងដំបូងបំផុត,17,1
1825,នៅខេត្តសៀមរាបមានឈ្មោះថា,23,1
1826,នគរគម្ពីរ,9,1
1827,ដែលសិ្ថតនៅរវាងបារាយណ៍ខាងលិច,27,1
1828,និងបារាយណ៍ខាងកើតនៃ,18,1
1829,តំបន់សៀមរាបអង្គរ។,17,1
1830,សេ្តចខែ្មរដែលសោយរាជ្យសម្បត្តិនៅ,31,1
1831,នគរគម្ពីរនេះគឺ,14,1
1832,ព្រះបាទចន្រ្ទវរ្ម័ន,19,1
1833,។,1,68
1834,លោកបណ្ឌិតមីសែល,14,2
1835,ត្រាណេបានមានប្រសាសន៍ឲ្យដឹងបនែ្ថមទៀតថា,37,1
1836,កាលពីសម័យបុរេអង្គរនាអំឡុងឆ្នា,29,1
1837,៨០២,3,4
1838,នេះ,3,1
1839,សេដ្ឋកិច្ច,10,1
1840,និង,3,44
1841,បរិយាកា,7,1
1842,សង្គមរបស់,9,1
1843,តំបន់សៀមរាបអង្គរ,16,1
1844,មានការវិវឌ្ឍន៍ជាវិជ្ជមាន។,25,1
1845,គេបានឃើញមានការរៀបចំដែនដី,24,1
1846,ឬនគរូបនីយកម្មដែនដីក្នុង,23,1
1847,តំបន់នីមួយៗនៃខេត្តនេះ,21,1
1848,យ៉ាងច្បាស់លាស់ទៅហើយ,19,1
1849,ចាប់តាំងពី,10,1
1850,ចុងសតវត្សរ៍ទី,13,1
1851,៦,1,3
1852,នៃដើមសតវត្សរ៍ទី,15,1
1853,៧,1,3
1854,នៃគ្រិស្តសករាជ។,15,2
1855,ជនជាតិខែ្មរក្រោមការដឹកនាំរបស់,29,1
1856,ព្រះមហាក្សត្រ,13,1
1857,និង,3,44
1858,ពួកព្រាហ្មបុរោហិត,17,1
1859,បានចាប់ផ្តើម,12,1
1860,គម្រោងការសាងសង់,15,1
1861,ប្រាសាទឥដ្ឋដំបូងបង្អស់ជាច្រើនមានជាអាទិ,38,1
1862,ប្រាសាទព្រៃកេ្មង,16,1
1863,ប្រាសាទពោធិ,11,1
1864,ប្រាសាទគោកតាសៀន,15,1
1865,ប្រាសាទវត្តខ្នាត,16,1
1866,និងប្រាសាទព្រៃប្រាសាទជាដើម។,27,1
1867,រីឯវិស័យសង្គមកិច្ចវិញ,21,1
1868,គេបានដឹងថា,10,1
1869,បុព្វការីជនខែ្មរ,16,1
1870,ចូលចិត្តកសាងទីលំនៅរបស់ខ្លួននៅកែ្បរៗ,35,1
1871,ទនេ្លសាបកែ្បរអូរ,16,1
1872,ស្ទឹងធម្មជាតិជាដើម។,19,1
1873,ការកសាងប្រាសាទក៏ដូច្នោះដែរ,26,1
1874,គឺបុព្វការីជនខែ្មរតែងតែជ្រើសរើស,31,1
1875,រកទីតាំងណាខ្ពស់មិនលិចទឹក,24,1
1876,នៅរដូវវស្សា,11,1
1877,គំនិតរបស់ខែ្មរក្នុងការជ្រើសរើសទីតាំងខ្ពស់,41,1
1878,សម្រាប់ការកសាងសំណង់ផេ្សងៗ,25,1
1879,ជាប្រយោជន៍រួម,13,1
1880,គឺនៅតែបន្តរហូតមកទល់សព្វថៃ្ងនេះ,30,1
1881,។,1,68
